City,SKU,Date,Transfer Quantity
Pune,F001,2023-01-01,18
Pune,F001,2023-01-02,25
Pune,F001,2023-01-03,21
Pune,F001,2023-01-04,20
Pune,F001,2023-01-05,18
Pune,F001,2023-01-06,19
Pune,F001,2023-01-07,18
Pune,F001,2023-01-08,16
Pune,F001,2023-01-09,23
Pune,F001,2023-01-10,21
Pune,F001,2023-01-11,28
Pune,F001,2023-01-12,25
Pune,F001,2023-01-13,32
Pune,F001,2023-01-14,24
Pune,F001,2023-01-15,30
Pune,F001,2023-01-16,22
Pune,F001,2023-01-17,30
Pune,F001,2023-01-18,25
Pune,F001,2023-01-19,25
Pune,F001,2023-01-20,23
Pune,F001,2023-01-21,23
Pune,F001,2023-01-22,20
Pune,F001,2023-01-23,21
Pune,F001,2023-01-24,28
Pune,F001,2023-01-25,27
Pune,F001,2023-01-26,31
Pune,F001,2023-01-27,23
Pune,F001,2023-01-28,32
Pune,F001,2023-01-29,30
Pune,F001,2023-01-30,21
Pune,F002,2023-01-01,20
Pune,F002,2023-01-02,28
Pune,F002,2023-01-03,28
Pune,F002,2023-01-04,19
Pune,F002,2023-01-05,29
Pune,F002,2023-01-06,16
Pune,F002,2023-01-07,18
Pune,F002,2023-01-08,27
Pune,F002,2023-01-09,29
Pune,F002,2023-01-10,25
Pune,F002,2023-01-11,27
Pune,F002,2023-01-12,20
Pune,F002,2023-01-13,33
Pune,F002,2023-01-14,31
Pune,F002,2023-01-15,27
Pune,F002,2023-01-16,29
Pune,F002,2023-01-17,28
Pune,F002,2023-01-18,29
Pune,F002,2023-01-19,25
Pune,F002,2023-01-20,29
Pune,F002,2023-01-21,25
Pune,F002,2023-01-22,27
Pune,F002,2023-01-23,25
Pune,F002,2023-01-24,29
Pune,F002,2023-01-25,30
Pune,F002,2023-01-26,25
Pune,F002,2023-01-27,32
Pune,F002,2023-01-28,22
Pune,F002,2023-01-29,34
Pune,F002,2023-01-30,31
Pune,F003,2023-01-01,29
Pune,F003,2023-01-02,26
Pune,F003,2023-01-03,28
Pune,F003,2023-01-04,19
Pune,F003,2023-01-05,19
Pune,F003,2023-01-06,23
Pune,F003,2023-01-07,26
Pune,F003,2023-01-08,27
Pune,F003,2023-01-09,24
Pune,F003,2023-01-10,24
Pune,F003,2023-01-11,29
Pune,F003,2023-01-12,16
Pune,F003,2023-01-13,30
Pune,F003,2023-01-14,26
Pune,F003,2023-01-15,21
Pune,F003,2023-01-16,24
Pune,F003,2023-01-17,31
Pune,F003,2023-01-18,25
Pune,F003,2023-01-19,22
Pune,F003,2023-01-20,21
Pune,F003,2023-01-21,27
Pune,F003,2023-01-22,33
Pune,F003,2023-01-23,31
Pune,F003,2023-01-24,32
Pune,F003,2023-01-25,21
Pune,F003,2023-01-26,30
Pune,F003,2023-01-27,23
Pune,F003,2023-01-28,30
Pune,F003,2023-01-29,31
Pune,F003,2023-01-30,26
Pune,F004,2023-01-01,22
Pune,F004,2023-01-02,28
Pune,F004,2023-01-03,20
Pune,F004,2023-01-04,24
Pune,F004,2023-01-05,24
Pune,F004,2023-01-06,17
Pune,F004,2023-01-07,20
Pune,F004,2023-01-08,19
Pune,F004,2023-01-09,26
Pune,F004,2023-01-10,29
Pune,F004,2023-01-11,22
Pune,F004,2023-01-12,21
Pune,F004,2023-01-13,23
Pune,F004,2023-01-14,19
Pune,F004,2023-01-15,30
Pune,F004,2023-01-16,23
Pune,F004,2023-01-17,22
Pune,F004,2023-01-18,20
Pune,F004,2023-01-19,30
Pune,F004,2023-01-20,35
Pune,F004,2023-01-21,24
Pune,F004,2023-01-22,20
Pune,F004,2023-01-23,27
Pune,F004,2023-01-24,21
Pune,F004,2023-01-25,26
Pune,F004,2023-01-26,30
Pune,F004,2023-01-27,26
Pune,F004,2023-01-28,34
Pune,F004,2023-01-29,27
Pune,F004,2023-01-30,22
Pune,F005,2023-01-01,19
Pune,F005,2023-01-02,21
Pune,F005,2023-01-03,20
Pune,F005,2023-01-04,23
Pune,F005,2023-01-05,27
Pune,F005,2023-01-06,24
Pune,F005,2023-01-07,21
Pune,F005,2023-01-08,20
Pune,F005,2023-01-09,24
Pune,F005,2023-01-10,26
Pune,F005,2023-01-11,16
Pune,F005,2023-01-12,25
Pune,F005,2023-01-13,29
Pune,F005,2023-01-14,26
Pune,F005,2023-01-15,26
Pune,F005,2023-01-16,24
Pune,F005,2023-01-17,30
Pune,F005,2023-01-18,31
Pune,F005,2023-01-19,28
Pune,F005,2023-01-20,24
Pune,F005,2023-01-21,20
Pune,F005,2023-01-22,30
Pune,F005,2023-01-23,33
Pune,F005,2023-01-24,19
Pune,F005,2023-01-25,33
Pune,F005,2023-01-26,31
Pune,F005,2023-01-27,31
Pune,F005,2023-01-28,25
Pune,F005,2023-01-29,25
Pune,F005,2023-01-30,27
Pune,M001,2023-01-01,25
Pune,M001,2023-01-02,19
Pune,M001,2023-01-03,27
Pune,M001,2023-01-04,24
Pune,M001,2023-01-05,29
Pune,M001,2023-01-06,17
Pune,M001,2023-01-07,22
Pune,M001,2023-01-08,26
Pune,M001,2023-01-09,24
Pune,M001,2023-01-10,29
Pune,M001,2023-01-11,29
Pune,M001,2023-01-12,11
Pune,M001,2023-01-13,17
Pune,M001,2023-01-14,9
Pune,M001,2023-01-15,9
Pune,M001,2023-01-16,7
Pune,M001,2023-01-17,18
Pune,M001,2023-01-18,17
Pune,M001,2023-01-19,19
Pune,M001,2023-01-20,20
Pune,M001,2023-01-21,21
Pune,M001,2023-01-22,24
Pune,M001,2023-01-23,22
Pune,M001,2023-01-24,23
Pune,M001,2023-01-25,24
Pune,M001,2023-01-26,22
Pune,M001,2023-01-27,22
Pune,M001,2023-01-28,20
Pune,M001,2023-01-29,24
Pune,M001,2023-01-30,26
Pune,M002,2023-01-01,22
Pune,M002,2023-01-02,21
Pune,M002,2023-01-03,27
Pune,M002,2023-01-04,18
Pune,M002,2023-01-05,23
Pune,M002,2023-01-06,30
Pune,M002,2023-01-07,23
Pune,M002,2023-01-08,28
Pune,M002,2023-01-09,20
Pune,M002,2023-01-10,21
Pune,M002,2023-01-11,21
Pune,M002,2023-01-12,11
Pune,M002,2023-01-13,11
Pune,M002,2023-01-14,15
Pune,M002,2023-01-15,21
Pune,M002,2023-01-16,14
Pune,M002,2023-01-17,21
Pune,M002,2023-01-18,12
Pune,M002,2023-01-19,12
Pune,M002,2023-01-20,19
Pune,M002,2023-01-21,18
Pune,M002,2023-01-22,14
Pune,M002,2023-01-23,11
Pune,M002,2023-01-24,12
Pune,M002,2023-01-25,8
Pune,M002,2023-01-26,14
Pune,M002,2023-01-27,7
Pune,M002,2023-01-28,10
Pune,M002,2023-01-29,8
Pune,M002,2023-01-30,15
Pune,M003,2023-01-01,26
Pune,M003,2023-01-02,28
Pune,M003,2023-01-03,27
Pune,M003,2023-01-04,20
Pune,M003,2023-01-05,23
Pune,M003,2023-01-06,16
Pune,M003,2023-01-07,32
Pune,M003,2023-01-08,23
Pune,M003,2023-01-09,16
Pune,M003,2023-01-10,32
Pune,M003,2023-01-11,19
Pune,M003,2023-01-12,17
Pune,M003,2023-01-13,10
Pune,M003,2023-01-14,16
Pune,M003,2023-01-15,10
Pune,M003,2023-01-16,8
Pune,M003,2023-01-17,16
Pune,M003,2023-01-18,10
Pune,M003,2023-01-19,12
Pune,M003,2023-01-20,19
Pune,M003,2023-01-21,10
Pune,M003,2023-01-22,8
Pune,M003,2023-01-23,10
Pune,M003,2023-01-24,15
Pune,M003,2023-01-25,11
Pune,M003,2023-01-26,12
Pune,M003,2023-01-27,14
Pune,M003,2023-01-28,14
Pune,M003,2023-01-29,8
Pune,M003,2023-01-30,15
Pune,M004,2023-01-01,25
Pune,M004,2023-01-02,18
Pune,M004,2023-01-03,21
Pune,M004,2023-01-04,17
Pune,M004,2023-01-05,20
Pune,M004,2023-01-06,25
Pune,M004,2023-01-07,28
Pune,M004,2023-01-08,26
Pune,M004,2023-01-09,25
Pune,M004,2023-01-10,21
Pune,M004,2023-01-11,23
Pune,M004,2023-01-12,18
Pune,M004,2023-01-13,9
Pune,M004,2023-01-14,12
Pune,M004,2023-01-15,9
Pune,M004,2023-01-16,19
Pune,M004,2023-01-17,16
Pune,M004,2023-01-18,16
Pune,M004,2023-01-19,17
Pune,M004,2023-01-20,25
Pune,M004,2023-01-21,19
Pune,M004,2023-01-22,16
Pune,M004,2023-01-23,13
Pune,M004,2023-01-24,19
Pune,M004,2023-01-25,9
Pune,M004,2023-01-26,16
Pune,M004,2023-01-27,10
Pune,M004,2023-01-28,16
Pune,M004,2023-01-29,18
Pune,M004,2023-01-30,6
Pune,M005,2023-01-01,34
Pune,M005,2023-01-02,17
Pune,M005,2023-01-03,24
Pune,M005,2023-01-04,27
Pune,M005,2023-01-05,24
Pune,M005,2023-01-06,30
Pune,M005,2023-01-07,31
Pune,M005,2023-01-08,23
Pune,M005,2023-01-09,29
Pune,M005,2023-01-10,19
Pune,M005,2023-01-11,21
Pune,M005,2023-01-12,10
Pune,M005,2023-01-13,16
Pune,M005,2023-01-14,13
Pune,M005,2023-01-15,12
Pune,M005,2023-01-16,16
Pune,M005,2023-01-17,16
Pune,M005,2023-01-18,16
Pune,M005,2023-01-19,12
Pune,M005,2023-01-20,17
Pune,M005,2023-01-21,10
Pune,M005,2023-01-22,17
Pune,M005,2023-01-23,12
Pune,M005,2023-01-24,15
Pune,M005,2023-01-25,18
Pune,M005,2023-01-26,8
Pune,M005,2023-01-27,13
Pune,M005,2023-01-28,17
Pune,M005,2023-01-29,11
Pune,M005,2023-01-30,16
Pune,B001,2023-01-01,70
Pune,B001,2023-01-02,24
Pune,B001,2023-01-03,63
Pune,B001,2023-01-04,45
Pune,B001,2023-01-05,54
Pune,B001,2023-01-06,58
Pune,B001,2023-01-07,27
Pune,B001,2023-01-08,61
Pune,B001,2023-01-09,50
Pune,B001,2023-01-10,45
Pune,B001,2023-01-11,16
Pune,B001,2023-01-12,66
Pune,B001,2023-01-13,24
Pune,B001,2023-01-14,66
Pune,B001,2023-01-15,52
Pune,B001,2023-01-16,22
Pune,B001,2023-01-17,45
Pune,B001,2023-01-18,48
Pune,B001,2023-01-19,79
Pune,B001,2023-01-20,33
Pune,B001,2023-01-21,17
Pune,B001,2023-01-22,22
Pune,B001,2023-01-23,21
Pune,B001,2023-01-24,19
Pune,B001,2023-01-25,18
Pune,B001,2023-01-26,19
Pune,B001,2023-01-27,20
Pune,B001,2023-01-28,18
Pune,B001,2023-01-29,17
Pune,B001,2023-01-30,18
Pune,B002,2023-01-01,38
Pune,B002,2023-01-02,66
Pune,B002,2023-01-03,55
Pune,B002,2023-01-04,37
Pune,B002,2023-01-05,33
Pune,B002,2023-01-06,67
Pune,B002,2023-01-07,64
Pune,B002,2023-01-08,31
Pune,B002,2023-01-09,29
Pune,B002,2023-01-10,21
Pune,B002,2023-01-11,12
Pune,B002,2023-01-12,25
Pune,B002,2023-01-13,31
Pune,B002,2023-01-14,55
Pune,B002,2023-01-15,21
Pune,B002,2023-01-16,77
Pune,B002,2023-01-17,75
Pune,B002,2023-01-18,26
Pune,B002,2023-01-19,69
Pune,B002,2023-01-20,67
Pune,B002,2023-01-21,21
Pune,B002,2023-01-22,22
Pune,B002,2023-01-23,20
Pune,B002,2023-01-24,17
Pune,B002,2023-01-25,22
Pune,B002,2023-01-26,20
Pune,B002,2023-01-27,22
Pune,B002,2023-01-28,20
Pune,B002,2023-01-29,24
Pune,B002,2023-01-30,17
Pune,B003,2023-01-01,47
Pune,B003,2023-01-02,28
Pune,B003,2023-01-03,74
Pune,B003,2023-01-04,26
Pune,B003,2023-01-05,25
Pune,B003,2023-01-06,68
Pune,B003,2023-01-07,57
Pune,B003,2023-01-08,20
Pune,B003,2023-01-09,18
Pune,B003,2023-01-10,74
Pune,B003,2023-01-11,8
Pune,B003,2023-01-12,71
Pune,B003,2023-01-13,29
Pune,B003,2023-01-14,63
Pune,B003,2023-01-15,20
Pune,B003,2023-01-16,25
Pune,B003,2023-01-17,20
Pune,B003,2023-01-18,42
Pune,B003,2023-01-19,78
Pune,B003,2023-01-20,29
Pune,B003,2023-01-21,17
Pune,B003,2023-01-22,25
Pune,B003,2023-01-23,18
Pune,B003,2023-01-24,21
Pune,B003,2023-01-25,17
Pune,B003,2023-01-26,24
Pune,B003,2023-01-27,25
Pune,B003,2023-01-28,25
Pune,B003,2023-01-29,22
Pune,B003,2023-01-30,20
Pune,B004,2023-01-01,22
Pune,B004,2023-01-02,44
Pune,B004,2023-01-03,52
Pune,B004,2023-01-04,28
Pune,B004,2023-01-05,70
Pune,B004,2023-01-06,58
Pune,B004,2023-01-07,40
Pune,B004,2023-01-08,19
Pune,B004,2023-01-09,31
Pune,B004,2023-01-10,22
Pune,B004,2023-01-11,21
Pune,B004,2023-01-12,73
Pune,B004,2023-01-13,20
Pune,B004,2023-01-14,22
Pune,B004,2023-01-15,74
Pune,B004,2023-01-16,48
Pune,B004,2023-01-17,75
Pune,B004,2023-01-18,17
Pune,B004,2023-01-19,32
Pune,B004,2023-01-20,33
Pune,B004,2023-01-21,19
Pune,B004,2023-01-22,21
Pune,B004,2023-01-23,16
Pune,B004,2023-01-24,23
Pune,B004,2023-01-25,21
Pune,B004,2023-01-26,23
Pune,B004,2023-01-27,22
Pune,B004,2023-01-28,18
Pune,B004,2023-01-29,20
Pune,B004,2023-01-30,22
Pune,B005,2023-01-01,43
Pune,B005,2023-01-02,41
Pune,B005,2023-01-03,44
Pune,B005,2023-01-04,44
Pune,B005,2023-01-05,38
Pune,B005,2023-01-06,39
Pune,B005,2023-01-07,42
Pune,B005,2023-01-08,47
Pune,B005,2023-01-09,46
Pune,B005,2023-01-10,36
Pune,B005,2023-01-11,50
Pune,B005,2023-01-12,43
Pune,B005,2023-01-13,47
Pune,B005,2023-01-14,48
Pune,B005,2023-01-15,40
Pune,B005,2023-01-16,47
Pune,B005,2023-01-17,43
Pune,B005,2023-01-18,49
Pune,B005,2023-01-19,39
Pune,B005,2023-01-20,38
Pune,B005,2023-01-21,45
Pune,B005,2023-01-22,46
Pune,B005,2023-01-23,44
Pune,B005,2023-01-24,49
Pune,B005,2023-01-25,45
Pune,B005,2023-01-26,40
Pune,B005,2023-01-27,40
Pune,B005,2023-01-28,38
Pune,B005,2023-01-29,46
Pune,B005,2023-01-30,44
Pune,V001,2023-01-01,52
Pune,V001,2023-01-02,31
Pune,V001,2023-01-03,73
Pune,V001,2023-01-04,29
Pune,V001,2023-01-05,71
Pune,V001,2023-01-06,28
Pune,V001,2023-01-07,19
Pune,V001,2023-01-08,60
Pune,V001,2023-01-09,19
Pune,V001,2023-01-10,22
Pune,V001,2023-01-11,30
Pune,V001,2023-01-12,67
Pune,V001,2023-01-13,79
Pune,V001,2023-01-14,18
Pune,V001,2023-01-15,18
Pune,V001,2023-01-16,61
Pune,V001,2023-01-17,72
Pune,V001,2023-01-18,18
Pune,V001,2023-01-19,17
Pune,V001,2023-01-20,66
Pune,V001,2023-01-21,18
Pune,V001,2023-01-22,22
Pune,V001,2023-01-23,35
Pune,V001,2023-01-24,19
Pune,V001,2023-01-25,25
Pune,V001,2023-01-26,17
Pune,V001,2023-01-27,24
Pune,V001,2023-01-28,20
Pune,V001,2023-01-29,21
Pune,V001,2023-01-30,23
Pune,V002,2023-01-01,58
Pune,V002,2023-01-02,64
Pune,V002,2023-01-03,55
Pune,V002,2023-01-04,51
Pune,V002,2023-01-05,66
Pune,V002,2023-01-06,65
Pune,V002,2023-01-07,63
Pune,V002,2023-01-08,63
Pune,V002,2023-01-09,59
Pune,V002,2023-01-10,64
Pune,V002,2023-01-11,57
Pune,V002,2023-01-12,54
Pune,V002,2023-01-13,59
Pune,V002,2023-01-14,57
Pune,V002,2023-01-15,60
Pune,V002,2023-01-16,65
Pune,V002,2023-01-17,63
Pune,V002,2023-01-18,53
Pune,V002,2023-01-19,54
Pune,V002,2023-01-20,61
Pune,V002,2023-01-21,62
Pune,V002,2023-01-22,59
Pune,V002,2023-01-23,69
Pune,V002,2023-01-24,67
Pune,V002,2023-01-25,65
Pune,V002,2023-01-26,52
Pune,V002,2023-01-27,57
Pune,V002,2023-01-28,63
Pune,V002,2023-01-29,63
Pune,V002,2023-01-30,58
Pune,V003,2023-01-01,53
Pune,V003,2023-01-02,55
Pune,V003,2023-01-03,58
Pune,V003,2023-01-04,60
Pune,V003,2023-01-05,67
Pune,V003,2023-01-06,54
Pune,V003,2023-01-07,58
Pune,V003,2023-01-08,61
Pune,V003,2023-01-09,64
Pune,V003,2023-01-10,63
Pune,V003,2023-01-11,65
Pune,V003,2023-01-12,66
Pune,V003,2023-01-13,63
Pune,V003,2023-01-14,58
Pune,V003,2023-01-15,61
Pune,V003,2023-01-16,64
Pune,V003,2023-01-17,55
Pune,V003,2023-01-18,67
Pune,V003,2023-01-19,58
Pune,V003,2023-01-20,62
Pune,V003,2023-01-21,63
Pune,V003,2023-01-22,51
Pune,V003,2023-01-23,66
Pune,V003,2023-01-24,59
Pune,V003,2023-01-25,62
Pune,V003,2023-01-26,59
Pune,V003,2023-01-27,64
Pune,V003,2023-01-28,59
Pune,V003,2023-01-29,68
Pune,V003,2023-01-30,58
Pune,V004,2023-01-01,62
Pune,V004,2023-01-02,63
Pune,V004,2023-01-03,60
Pune,V004,2023-01-04,66
Pune,V004,2023-01-05,51
Pune,V004,2023-01-06,65
Pune,V004,2023-01-07,57
Pune,V004,2023-01-08,64
Pune,V004,2023-01-09,62
Pune,V004,2023-01-10,53
Pune,V004,2023-01-11,64
Pune,V004,2023-01-12,59
Pune,V004,2023-01-13,69
Pune,V004,2023-01-14,55
Pune,V004,2023-01-15,53
Pune,V004,2023-01-16,54
Pune,V004,2023-01-17,67
Pune,V004,2023-01-18,55
Pune,V004,2023-01-19,63
Pune,V004,2023-01-20,64
Pune,V004,2023-01-21,68
Pune,V004,2023-01-22,61
Pune,V004,2023-01-23,56
Pune,V004,2023-01-24,57
Pune,V004,2023-01-25,64
Pune,V004,2023-01-26,67
Pune,V004,2023-01-27,59
Pune,V004,2023-01-28,67
Pune,V004,2023-01-29,61
Pune,V004,2023-01-30,55
Pune,V005,2023-01-01,70
Pune,V005,2023-01-02,41
Pune,V005,2023-01-03,62
Pune,V005,2023-01-04,55
Pune,V005,2023-01-05,53
Pune,V005,2023-01-06,68
Pune,V005,2023-01-07,24
Pune,V005,2023-01-08,76
Pune,V005,2023-01-09,44
Pune,V005,2023-01-10,24
Pune,V005,2023-01-11,68
Pune,V005,2023-01-12,37
Pune,V005,2023-01-13,67
Pune,V005,2023-01-14,51
Pune,V005,2023-01-15,53
Pune,V005,2023-01-16,77
Pune,V005,2023-01-17,30
Pune,V005,2023-01-18,68
Pune,V005,2023-01-19,19
Pune,V005,2023-01-20,78
Pune,V005,2023-01-21,18
Pune,V005,2023-01-22,29
Pune,V005,2023-01-23,46
Pune,V005,2023-01-24,22
Pune,V005,2023-01-25,25
Pune,V005,2023-01-26,23
Pune,V005,2023-01-27,24
Pune,V005,2023-01-28,18
Pune,V005,2023-01-29,27
Pune,V005,2023-01-30,29
Pune,S001,2023-01-01,23
Pune,S001,2023-01-02,46
Pune,S001,2023-01-03,16
Pune,S001,2023-01-04,25
Pune,S001,2023-01-05,34
Pune,S001,2023-01-06,30
Pune,S001,2023-01-07,35
Pune,S001,2023-01-08,33
Pune,S001,2023-01-09,43
Pune,S001,2023-01-10,24
Pune,S001,2023-01-11,17
Pune,S001,2023-01-12,46
Pune,S001,2023-01-13,22
Pune,S001,2023-01-14,45
Pune,S001,2023-01-15,27
Pune,S001,2023-01-16,34
Pune,S001,2023-01-17,46
Pune,S001,2023-01-18,41
Pune,S001,2023-01-19,40
Pune,S001,2023-01-20,41
Pune,S001,2023-01-21,26
Pune,S001,2023-01-22,34
Pune,S001,2023-01-23,21
Pune,S001,2023-01-24,23
Pune,S001,2023-01-25,25
Pune,S001,2023-01-26,26
Pune,S001,2023-01-27,21
Pune,S001,2023-01-28,29
Pune,S001,2023-01-29,23
Pune,S001,2023-01-30,24
Pune,S002,2023-01-01,25
Pune,S002,2023-01-02,24
Pune,S002,2023-01-03,25
Pune,S002,2023-01-04,28
Pune,S002,2023-01-05,26
Pune,S002,2023-01-06,22
Pune,S002,2023-01-07,21
Pune,S002,2023-01-08,20
Pune,S002,2023-01-09,18
Pune,S002,2023-01-10,27
Pune,S002,2023-01-11,20
Pune,S002,2023-01-12,24
Pune,S002,2023-01-13,19
Pune,S002,2023-01-14,19
Pune,S002,2023-01-15,19
Pune,S002,2023-01-16,18
Pune,S002,2023-01-17,19
Pune,S002,2023-01-18,17
Pune,S002,2023-01-19,24
Pune,S002,2023-01-20,21
Pune,S002,2023-01-21,19
Pune,S002,2023-01-22,29
Pune,S002,2023-01-23,24
Pune,S002,2023-01-24,29
Pune,S002,2023-01-25,21
Pune,S002,2023-01-26,30
Pune,S002,2023-01-27,23
Pune,S002,2023-01-28,24
Pune,S002,2023-01-29,23
Pune,S002,2023-01-30,20
Pune,S003,2023-01-01,22
Pune,S003,2023-01-02,23
Pune,S003,2023-01-03,26
Pune,S003,2023-01-04,24
Pune,S003,2023-01-05,31
Pune,S003,2023-01-06,34
Pune,S003,2023-01-07,29
Pune,S003,2023-01-08,32
Pune,S003,2023-01-09,19
Pune,S003,2023-01-10,27
Pune,S003,2023-01-11,34
Pune,S003,2023-01-12,23
Pune,S003,2023-01-13,28
Pune,S003,2023-01-14,30
Pune,S003,2023-01-15,23
Pune,S003,2023-01-16,38
Pune,S003,2023-01-17,18
Pune,S003,2023-01-18,48
Pune,S003,2023-01-19,28
Pune,S003,2023-01-20,45
Pune,S003,2023-01-21,44
Pune,S003,2023-01-22,42
Pune,S003,2023-01-23,32
Pune,S003,2023-01-24,27
Pune,S003,2023-01-25,23
Pune,S003,2023-01-26,20
Pune,S003,2023-01-27,17
Pune,S003,2023-01-28,30
Pune,S003,2023-01-29,21
Pune,S003,2023-01-30,21
Pune,S004,2023-01-01,19
Pune,S004,2023-01-02,41
Pune,S004,2023-01-03,29
Pune,S004,2023-01-04,41
Pune,S004,2023-01-05,26
Pune,S004,2023-01-06,45
Pune,S004,2023-01-07,38
Pune,S004,2023-01-08,20
Pune,S004,2023-01-09,39
Pune,S004,2023-01-10,28
Pune,S004,2023-01-11,46
Pune,S004,2023-01-12,43
Pune,S004,2023-01-13,48
Pune,S004,2023-01-14,23
Pune,S004,2023-01-15,34
Pune,S004,2023-01-16,18
Pune,S004,2023-01-17,39
Pune,S004,2023-01-18,31
Pune,S004,2023-01-19,47
Pune,S004,2023-01-20,32
Pune,S004,2023-01-21,23
Pune,S004,2023-01-22,35
Pune,S004,2023-01-23,31
Pune,S004,2023-01-24,23
Pune,S004,2023-01-25,24
Pune,S004,2023-01-26,17
Pune,S004,2023-01-27,20
Pune,S004,2023-01-28,20
Pune,S004,2023-01-29,28
Pune,S004,2023-01-30,25
Pune,S005,2023-01-01,23
Pune,S005,2023-01-02,19
Pune,S005,2023-01-03,16
Pune,S005,2023-01-04,22
Pune,S005,2023-01-05,23
Pune,S005,2023-01-06,24
Pune,S005,2023-01-07,24
Pune,S005,2023-01-08,18
Pune,S005,2023-01-09,20
Pune,S005,2023-01-10,25
Pune,S005,2023-01-11,21
Pune,S005,2023-01-12,22
Pune,S005,2023-01-13,16
Pune,S005,2023-01-14,18
Pune,S005,2023-01-15,19
Pune,S005,2023-01-16,19
Pune,S005,2023-01-17,17
Pune,S005,2023-01-18,21
Pune,S005,2023-01-19,20
Pune,S005,2023-01-20,19
Pune,S005,2023-01-21,27
Pune,S005,2023-01-22,27
Pune,S005,2023-01-23,20
Pune,S005,2023-01-24,27
Pune,S005,2023-01-25,27
Pune,S005,2023-01-26,24
Pune,S005,2023-01-27,17
Pune,S005,2023-01-28,17
Pune,S005,2023-01-29,19
Pune,S005,2023-01-30,21
Pune,ME001,2023-01-01,27
Pune,ME001,2023-01-02,19
Pune,ME001,2023-01-03,31
Pune,ME001,2023-01-04,17
Pune,ME001,2023-01-05,21
Pune,ME001,2023-01-06,29
Pune,ME001,2023-01-07,22
Pune,ME001,2023-01-08,24
Pune,ME001,2023-01-09,35
Pune,ME001,2023-01-10,18
Pune,ME001,2023-01-11,21
Pune,ME001,2023-01-12,24
Pune,ME001,2023-01-13,24
Pune,ME001,2023-01-14,26
Pune,ME001,2023-01-15,28
Pune,ME001,2023-01-16,24
Pune,ME001,2023-01-17,19
Pune,ME001,2023-01-18,25
Pune,ME001,2023-01-19,22
Pune,ME001,2023-01-20,37
Pune,ME001,2023-01-21,25
Pune,ME001,2023-01-22,29
Pune,ME001,2023-01-23,24
Pune,ME001,2023-01-24,19
Pune,ME001,2023-01-25,29
Pune,ME001,2023-01-26,19
Pune,ME001,2023-01-27,21
Pune,ME001,2023-01-28,25
Pune,ME001,2023-01-29,17
Pune,ME001,2023-01-30,22
Pune,ME002,2023-01-01,28
Pune,ME002,2023-01-02,31
Pune,ME002,2023-01-03,26
Pune,ME002,2023-01-04,32
Pune,ME002,2023-01-05,19
Pune,ME002,2023-01-06,37
Pune,ME002,2023-01-07,22
Pune,ME002,2023-01-08,22
Pune,ME002,2023-01-09,23
Pune,ME002,2023-01-10,19
Pune,ME002,2023-01-11,25
Pune,ME002,2023-01-12,17
Pune,ME002,2023-01-13,29
Pune,ME002,2023-01-14,28
Pune,ME002,2023-01-15,38
Pune,ME002,2023-01-16,26
Pune,ME002,2023-01-17,19
Pune,ME002,2023-01-18,29
Pune,ME002,2023-01-19,27
Pune,ME002,2023-01-20,26
Pune,ME002,2023-01-21,19
Pune,ME002,2023-01-22,37
Pune,ME002,2023-01-23,34
Pune,ME002,2023-01-24,25
Pune,ME002,2023-01-25,26
Pune,ME002,2023-01-26,22
Pune,ME002,2023-01-27,20
Pune,ME002,2023-01-28,20
Pune,ME002,2023-01-29,21
Pune,ME002,2023-01-30,28
Pune,ME003,2023-01-01,24
Pune,ME003,2023-01-02,38
Pune,ME003,2023-01-03,27
Pune,ME003,2023-01-04,33
Pune,ME003,2023-01-05,29
Pune,ME003,2023-01-06,29
Pune,ME003,2023-01-07,17
Pune,ME003,2023-01-08,22
Pune,ME003,2023-01-09,38
Pune,ME003,2023-01-10,24
Pune,ME003,2023-01-11,32
Pune,ME003,2023-01-12,25
Pune,ME003,2023-01-13,18
Pune,ME003,2023-01-14,38
Pune,ME003,2023-01-15,21
Pune,ME003,2023-01-16,33
Pune,ME003,2023-01-17,25
Pune,ME003,2023-01-18,40
Pune,ME003,2023-01-19,30
Pune,ME003,2023-01-20,24
Pune,ME003,2023-01-21,23
Pune,ME003,2023-01-22,20
Pune,ME003,2023-01-23,26
Pune,ME003,2023-01-24,20
Pune,ME003,2023-01-25,18
Pune,ME003,2023-01-26,22
Pune,ME003,2023-01-27,25
Pune,ME003,2023-01-28,27
Pune,ME003,2023-01-29,24
Pune,ME003,2023-01-30,28
Pune,ME004,2023-01-01,29
Pune,ME004,2023-01-02,28
Pune,ME004,2023-01-03,32
Pune,ME004,2023-01-04,24
Pune,ME004,2023-01-05,28
Pune,ME004,2023-01-06,23
Pune,ME004,2023-01-07,19
Pune,ME004,2023-01-08,29
Pune,ME004,2023-01-09,30
Pune,ME004,2023-01-10,25
Pune,ME004,2023-01-11,36
Pune,ME004,2023-01-12,20
Pune,ME004,2023-01-13,30
Pune,ME004,2023-01-14,28
Pune,ME004,2023-01-15,20
Pune,ME004,2023-01-16,39
Pune,ME004,2023-01-17,28
Pune,ME004,2023-01-18,16
Pune,ME004,2023-01-19,25
Pune,ME004,2023-01-20,26
Pune,ME004,2023-01-21,20
Pune,ME004,2023-01-22,34
Pune,ME004,2023-01-23,38
Pune,ME004,2023-01-24,21
Pune,ME004,2023-01-25,21
Pune,ME004,2023-01-26,28
Pune,ME004,2023-01-27,24
Pune,ME004,2023-01-28,25
Pune,ME004,2023-01-29,18
Pune,ME004,2023-01-30,26
Pune,ME005,2023-01-01,34
Pune,ME005,2023-01-02,20
Pune,ME005,2023-01-03,30
Pune,ME005,2023-01-04,29
Pune,ME005,2023-01-05,17
Pune,ME005,2023-01-06,25
Pune,ME005,2023-01-07,24
Pune,ME005,2023-01-08,27
Pune,ME005,2023-01-09,22
Pune,ME005,2023-01-10,21
Pune,ME005,2023-01-11,27
Pune,ME005,2023-01-12,19
Pune,ME005,2023-01-13,30
Pune,ME005,2023-01-14,34
Pune,ME005,2023-01-15,37
Pune,ME005,2023-01-16,38
Pune,ME005,2023-01-17,24
Pune,ME005,2023-01-18,29
Pune,ME005,2023-01-19,28
Pune,ME005,2023-01-20,25
Pune,ME005,2023-01-21,24
Pune,ME005,2023-01-22,29
Pune,ME005,2023-01-23,21
Pune,ME005,2023-01-24,22
Pune,ME005,2023-01-25,20
Pune,ME005,2023-01-26,21
Pune,ME005,2023-01-27,19
Pune,ME005,2023-01-28,22
Pune,ME005,2023-01-29,21
Pune,ME005,2023-01-30,21
Pune,K001,2023-01-01,33
Pune,K001,2023-01-02,23
Pune,K001,2023-01-03,22
Pune,K001,2023-01-04,23
Pune,K001,2023-01-05,25
Pune,K001,2023-01-06,24
Pune,K001,2023-01-07,20
Pune,K001,2023-01-08,35
Pune,K001,2023-01-09,26
Pune,K001,2023-01-10,32
Pune,K001,2023-01-11,31
Pune,K001,2023-01-12,26
Pune,K001,2023-01-13,27
Pune,K001,2023-01-14,30
Pune,K001,2023-01-15,38
Pune,K001,2023-01-16,32
Pune,K001,2023-01-17,22
Pune,K001,2023-01-18,28
Pune,K001,2023-01-19,20
Pune,K001,2023-01-20,18
Pune,K001,2023-01-21,19
Pune,K001,2023-01-22,24
Pune,K001,2023-01-23,39
Pune,K001,2023-01-24,21
Pune,K001,2023-01-25,22
Pune,K001,2023-01-26,24
Pune,K001,2023-01-27,22
Pune,K001,2023-01-28,17
Pune,K001,2023-01-29,22
Pune,K001,2023-01-30,22
Pune,K002,2023-01-01,37
Pune,K002,2023-01-02,29
Pune,K002,2023-01-03,17
Pune,K002,2023-01-04,27
Pune,K002,2023-01-05,29
Pune,K002,2023-01-06,17
Pune,K002,2023-01-07,39
Pune,K002,2023-01-08,21
Pune,K002,2023-01-09,26
Pune,K002,2023-01-10,22
Pune,K002,2023-01-11,25
Pune,K002,2023-01-12,18
Pune,K002,2023-01-13,35
Pune,K002,2023-01-14,20
Pune,K002,2023-01-15,20
Pune,K002,2023-01-16,28
Pune,K002,2023-01-17,19
Pune,K002,2023-01-18,27
Pune,K002,2023-01-19,29
Pune,K002,2023-01-20,25
Pune,K002,2023-01-21,26
Pune,K002,2023-01-22,36
Pune,K002,2023-01-23,17
Pune,K002,2023-01-24,21
Pune,K002,2023-01-25,28
Pune,K002,2023-01-26,21
Pune,K002,2023-01-27,26
Pune,K002,2023-01-28,29
Pune,K002,2023-01-29,24
Pune,K002,2023-01-30,17
Pune,K003,2023-01-01,19
Pune,K003,2023-01-02,35
Pune,K003,2023-01-03,23
Pune,K003,2023-01-04,19
Pune,K003,2023-01-05,37
Pune,K003,2023-01-06,25
Pune,K003,2023-01-07,30
Pune,K003,2023-01-08,23
Pune,K003,2023-01-09,23
Pune,K003,2023-01-10,32
Pune,K003,2023-01-11,21
Pune,K003,2023-01-12,20
Pune,K003,2023-01-13,34
Pune,K003,2023-01-14,28
Pune,K003,2023-01-15,38
Pune,K003,2023-01-16,37
Pune,K003,2023-01-17,18
Pune,K003,2023-01-18,35
Pune,K003,2023-01-19,25
Pune,K003,2023-01-20,24
Pune,K003,2023-01-21,25
Pune,K003,2023-01-22,33
Pune,K003,2023-01-23,28
Pune,K003,2023-01-24,22
Pune,K003,2023-01-25,19
Pune,K003,2023-01-26,27
Pune,K003,2023-01-27,24
Pune,K003,2023-01-28,23
Pune,K003,2023-01-29,27
Pune,K003,2023-01-30,17
Pune,K004,2023-01-01,26
Pune,K004,2023-01-02,25
Pune,K004,2023-01-03,20
Pune,K004,2023-01-04,26
Pune,K004,2023-01-05,28
Pune,K004,2023-01-06,36
Pune,K004,2023-01-07,27
Pune,K004,2023-01-08,24
Pune,K004,2023-01-09,33
Pune,K004,2023-01-10,23
Pune,K004,2023-01-11,18
Pune,K004,2023-01-12,16
Pune,K004,2023-01-13,25
Pune,K004,2023-01-14,24
Pune,K004,2023-01-15,24
Pune,K004,2023-01-16,19
Pune,K004,2023-01-17,29
Pune,K004,2023-01-18,28
Pune,K004,2023-01-19,34
Pune,K004,2023-01-20,25
Pune,K004,2023-01-21,28
Pune,K004,2023-01-22,22
Pune,K004,2023-01-23,22
Pune,K004,2023-01-24,25
Pune,K004,2023-01-25,19
Pune,K004,2023-01-26,20
Pune,K004,2023-01-27,22
Pune,K004,2023-01-28,19
Pune,K004,2023-01-29,23
Pune,K004,2023-01-30,20
Pune,K005,2023-01-01,23
Pune,K005,2023-01-02,29
Pune,K005,2023-01-03,34
Pune,K005,2023-01-04,31
Pune,K005,2023-01-05,25
Pune,K005,2023-01-06,21
Pune,K005,2023-01-07,22
Pune,K005,2023-01-08,18
Pune,K005,2023-01-09,19
Pune,K005,2023-01-10,32
Pune,K005,2023-01-11,33
Pune,K005,2023-01-12,30
Pune,K005,2023-01-13,26
Pune,K005,2023-01-14,28
Pune,K005,2023-01-15,29
Pune,K005,2023-01-16,29
Pune,K005,2023-01-17,25
Pune,K005,2023-01-18,28
Pune,K005,2023-01-19,27
Pune,K005,2023-01-20,24
Pune,K005,2023-01-21,29
Pune,K005,2023-01-22,25
Pune,K005,2023-01-23,28
Pune,K005,2023-01-24,29
Pune,K005,2023-01-25,31
Pune,K005,2023-01-26,30
Pune,K005,2023-01-27,32
Pune,K005,2023-01-28,33
Pune,K005,2023-01-29,31
Pune,K005,2023-01-30,24
Pune,H001,2023-01-01,41
Pune,H001,2023-01-02,75
Pune,H001,2023-01-03,67
Pune,H001,2023-01-04,73
Pune,H001,2023-01-05,78
Pune,H001,2023-01-06,77
Pune,H001,2023-01-07,71
Pune,H001,2023-01-08,75
Pune,H001,2023-01-09,74
Pune,H001,2023-01-10,74
Pune,H001,2023-01-11,75
Pune,H001,2023-01-12,77
Pune,H001,2023-01-13,75
Pune,H001,2023-01-14,73
Pune,H001,2023-01-15,71
Pune,H001,2023-01-16,74
Pune,H001,2023-01-17,78
Pune,H001,2023-01-18,77
Pune,H001,2023-01-19,77
Pune,H001,2023-01-20,68
Pune,H001,2023-01-21,72
Pune,H001,2023-01-22,68
Pune,H001,2023-01-23,73
Pune,H001,2023-01-24,74
Pune,H001,2023-01-25,76
Pune,H001,2023-01-26,77
Pune,H001,2023-01-27,79
Pune,H001,2023-01-28,75
Pune,H001,2023-01-29,71
Pune,H001,2023-01-30,69
Pune,H002,2023-01-01,23
Pune,H002,2023-01-02,75
Pune,H002,2023-01-03,35
Pune,H002,2023-01-04,18
Pune,H002,2023-01-05,42
Pune,H002,2023-01-06,63
Pune,H002,2023-01-07,21
Pune,H002,2023-01-08,44
Pune,H002,2023-01-09,41
Pune,H002,2023-01-10,79
Pune,H002,2023-01-11,73
Pune,H002,2023-01-12,76
Pune,H002,2023-01-13,31
Pune,H002,2023-01-14,26
Pune,H002,2023-01-15,43
Pune,H002,2023-01-16,52
Pune,H002,2023-01-17,22
Pune,H002,2023-01-18,32
Pune,H002,2023-01-19,19
Pune,H002,2023-01-20,22
Pune,H002,2023-01-21,80
Pune,H002,2023-01-22,20
Pune,H002,2023-01-23,26
Pune,H002,2023-01-24,45
Pune,H002,2023-01-25,47
Pune,H002,2023-01-26,48
Pune,H002,2023-01-27,41
Pune,H002,2023-01-28,44
Pune,H002,2023-01-29,46
Pune,H002,2023-01-30,45
Pune,H003,2023-01-01,28
Pune,H003,2023-01-02,51
Pune,H003,2023-01-03,28
Pune,H003,2023-01-04,64
Pune,H003,2023-01-05,53
Pune,H003,2023-01-06,51
Pune,H003,2023-01-07,69
Pune,H003,2023-01-08,77
Pune,H003,2023-01-09,68
Pune,H003,2023-01-10,22
Pune,H003,2023-01-11,25
Pune,H003,2023-01-12,71
Pune,H003,2023-01-13,23
Pune,H003,2023-01-14,54
Pune,H003,2023-01-15,76
Pune,H003,2023-01-16,20
Pune,H003,2023-01-17,58
Pune,H003,2023-01-18,46
Pune,H003,2023-01-19,40
Pune,H003,2023-01-20,73
Pune,H003,2023-01-21,44
Pune,H003,2023-01-22,47
Pune,H003,2023-01-23,60
Pune,H003,2023-01-24,22
Pune,H003,2023-01-25,17
Pune,H003,2023-01-26,21
Pune,H003,2023-01-27,26
Pune,H003,2023-01-28,26
Pune,H003,2023-01-29,22
Pune,H003,2023-01-30,21
Pune,H004,2023-01-01,36
Pune,H004,2023-01-02,36
Pune,H004,2023-01-03,41
Pune,H004,2023-01-04,76
Pune,H004,2023-01-05,45
Pune,H004,2023-01-06,37
Pune,H004,2023-01-07,63
Pune,H004,2023-01-08,72
Pune,H004,2023-01-09,35
Pune,H004,2023-01-10,74
Pune,H004,2023-01-11,34
Pune,H004,2023-01-12,23
Pune,H004,2023-01-13,53
Pune,H004,2023-01-14,42
Pune,H004,2023-01-15,65
Pune,H004,2023-01-16,70
Pune,H004,2023-01-17,24
Pune,H004,2023-01-18,27
Pune,H004,2023-01-19,34
Pune,H004,2023-01-20,68
Pune,H004,2023-01-21,67
Pune,H004,2023-01-22,40
Pune,H004,2023-01-23,74
Pune,H004,2023-01-24,29
Pune,H004,2023-01-25,26
Pune,H004,2023-01-26,22
Pune,H004,2023-01-27,20
Pune,H004,2023-01-28,19
Pune,H004,2023-01-29,28
Pune,H004,2023-01-30,25
Pune,H005,2023-01-01,63
Pune,H005,2023-01-02,58
Pune,H005,2023-01-03,42
Pune,H005,2023-01-04,46
Pune,H005,2023-01-05,68
Pune,H005,2023-01-06,57
Pune,H005,2023-01-07,65
Pune,H005,2023-01-08,34
Pune,H005,2023-01-09,68
Pune,H005,2023-01-10,28
Pune,H005,2023-01-11,21
Pune,H005,2023-01-12,67
Pune,H005,2023-01-13,26
Pune,H005,2023-01-14,58
Pune,H005,2023-01-15,24
Pune,H005,2023-01-16,49
Pune,H005,2023-01-17,60
Pune,H005,2023-01-18,48
Pune,H005,2023-01-19,65
Pune,H005,2023-01-20,53
Pune,H005,2023-01-21,33
Pune,H005,2023-01-22,28
Pune,H005,2023-01-23,35
Pune,H005,2023-01-24,30
Pune,H005,2023-01-25,20
Pune,H005,2023-01-26,18
Pune,H005,2023-01-27,28
Pune,H005,2023-01-28,20
Pune,H005,2023-01-29,26
Pune,H005,2023-01-30,19
Pune,P001,2023-01-01,62
Pune,P001,2023-01-02,66
Pune,P001,2023-01-03,42
Pune,P001,2023-01-04,42
Pune,P001,2023-01-05,62
Pune,P001,2023-01-06,40
Pune,P001,2023-01-07,61
Pune,P001,2023-01-08,51
Pune,P001,2023-01-09,41
Pune,P001,2023-01-10,40
Pune,P001,2023-01-11,55
Pune,P001,2023-01-12,42
Pune,P001,2023-01-13,52
Pune,P001,2023-01-14,38
Pune,P001,2023-01-15,39
Pune,P001,2023-01-16,60
Pune,P001,2023-01-17,44
Pune,P001,2023-01-18,55
Pune,P001,2023-01-19,50
Pune,P001,2023-01-20,49
Pune,P001,2023-01-21,55
Pune,P001,2023-01-22,57
Pune,P001,2023-01-23,43
Pune,P001,2023-01-24,48
Pune,P001,2023-01-25,55
Pune,P001,2023-01-26,48
Pune,P001,2023-01-27,53
Pune,P001,2023-01-28,55
Pune,P001,2023-01-29,54
Pune,P001,2023-01-30,41
Pune,P002,2023-01-01,64
Pune,P002,2023-01-02,59
Pune,P002,2023-01-03,38
Pune,P002,2023-01-04,66
Pune,P002,2023-01-05,40
Pune,P002,2023-01-06,59
Pune,P002,2023-01-07,43
Pune,P002,2023-01-08,51
Pune,P002,2023-01-09,65
Pune,P002,2023-01-10,43
Pune,P002,2023-01-11,43
Pune,P002,2023-01-12,55
Pune,P002,2023-01-13,37
Pune,P002,2023-01-14,41
Pune,P002,2023-01-15,58
Pune,P002,2023-01-16,42
Pune,P002,2023-01-17,56
Pune,P002,2023-01-18,58
Pune,P002,2023-01-19,41
Pune,P002,2023-01-20,54
Pune,P002,2023-01-21,38
Pune,P002,2023-01-22,44
Pune,P002,2023-01-23,51
Pune,P002,2023-01-24,40
Pune,P002,2023-01-25,38
Pune,P002,2023-01-26,44
Pune,P002,2023-01-27,47
Pune,P002,2023-01-28,52
Pune,P002,2023-01-29,49
Pune,P002,2023-01-30,37
Pune,P003,2023-01-01,61
Pune,P003,2023-01-02,58
Pune,P003,2023-01-03,63
Pune,P003,2023-01-04,50
Pune,P003,2023-01-05,39
Pune,P003,2023-01-06,40
Pune,P003,2023-01-07,48
Pune,P003,2023-01-08,41
Pune,P003,2023-01-09,41
Pune,P003,2023-01-10,51
Pune,P003,2023-01-11,41
Pune,P003,2023-01-12,47
Pune,P003,2023-01-13,40
Pune,P003,2023-01-14,56
Pune,P003,2023-01-15,53
Pune,P003,2023-01-16,47
Pune,P003,2023-01-17,40
Pune,P003,2023-01-18,49
Pune,P003,2023-01-19,51
Pune,P003,2023-01-20,46
Pune,P003,2023-01-21,42
Pune,P003,2023-01-22,50
Pune,P003,2023-01-23,51
Pune,P003,2023-01-24,49
Pune,P003,2023-01-25,56
Pune,P003,2023-01-26,52
Pune,P003,2023-01-27,41
Pune,P003,2023-01-28,43
Pune,P003,2023-01-29,48
Pune,P003,2023-01-30,44
Pune,P004,2023-01-01,49
Pune,P004,2023-01-02,46
Pune,P004,2023-01-03,65
Pune,P004,2023-01-04,40
Pune,P004,2023-01-05,40
Pune,P004,2023-01-06,55
Pune,P004,2023-01-07,43
Pune,P004,2023-01-08,61
Pune,P004,2023-01-09,44
Pune,P004,2023-01-10,47
Pune,P004,2023-01-11,58
Pune,P004,2023-01-12,49
Pune,P004,2023-01-13,42
Pune,P004,2023-01-14,54
Pune,P004,2023-01-15,54
Pune,P004,2023-01-16,54
Pune,P004,2023-01-17,43
Pune,P004,2023-01-18,42
Pune,P004,2023-01-19,42
Pune,P004,2023-01-20,49
Pune,P004,2023-01-21,51
Pune,P004,2023-01-22,50
Pune,P004,2023-01-23,48
Pune,P004,2023-01-24,52
Pune,P004,2023-01-25,41
Pune,P004,2023-01-26,44
Pune,P004,2023-01-27,39
Pune,P004,2023-01-28,42
Pune,P004,2023-01-29,49
Pune,P004,2023-01-30,43
Pune,P005,2023-01-01,63
Pune,P005,2023-01-02,60
Pune,P005,2023-01-03,56
Pune,P005,2023-01-04,52
Pune,P005,2023-01-05,47
Pune,P005,2023-01-06,62
Pune,P005,2023-01-07,59
Pune,P005,2023-01-08,59
Pune,P005,2023-01-09,65
Pune,P005,2023-01-10,50
Pune,P005,2023-01-11,58
Pune,P005,2023-01-12,43
Pune,P005,2023-01-13,49
Pune,P005,2023-01-14,41
Pune,P005,2023-01-15,60
Pune,P005,2023-01-16,44
Pune,P005,2023-01-17,40
Pune,P005,2023-01-18,52
Pune,P005,2023-01-19,41
Pune,P005,2023-01-20,45
Pune,P005,2023-01-21,49
Pune,P005,2023-01-22,37
Pune,P005,2023-01-23,52
Pune,P005,2023-01-24,49
Pune,P005,2023-01-25,47
Pune,P005,2023-01-26,38
Pune,P005,2023-01-27,52
Pune,P005,2023-01-28,51
Pune,P005,2023-01-29,47
Pune,P005,2023-01-30,47
Pune,G001,2023-01-01,58
Pune,G001,2023-01-02,52
Pune,G001,2023-01-03,29
Pune,G001,2023-01-04,28
Pune,G001,2023-01-05,70
Pune,G001,2023-01-06,39
Pune,G001,2023-01-07,50
Pune,G001,2023-01-08,25
Pune,G001,2023-01-09,73
Pune,G001,2023-01-10,55
Pune,G001,2023-01-11,43
Pune,G001,2023-01-12,38
Pune,G001,2023-01-13,47
Pune,G001,2023-01-14,50
Pune,G001,2023-01-15,53
Pune,G001,2023-01-16,52
Pune,G001,2023-01-17,48
Pune,G001,2023-01-18,58
Pune,G001,2023-01-19,44
Pune,G001,2023-01-20,39
Pune,G001,2023-01-21,38
Pune,G001,2023-01-22,42
Pune,G001,2023-01-23,41
Pune,G001,2023-01-24,36
Pune,G001,2023-01-25,56
Pune,G001,2023-01-26,58
Pune,G001,2023-01-27,51
Pune,G001,2023-01-28,46
Pune,G001,2023-01-29,49
Pune,G001,2023-01-30,40
Pune,G002,2023-01-01,51
Pune,G002,2023-01-02,22
Pune,G002,2023-01-03,53
Pune,G002,2023-01-04,22
Pune,G002,2023-01-05,32
Pune,G002,2023-01-06,38
Pune,G002,2023-01-07,32
Pune,G002,2023-01-08,61
Pune,G002,2023-01-09,29
Pune,G002,2023-01-10,35
Pune,G002,2023-01-11,47
Pune,G002,2023-01-12,46
Pune,G002,2023-01-13,44
Pune,G002,2023-01-14,44
Pune,G002,2023-01-15,40
Pune,G002,2023-01-16,42
Pune,G002,2023-01-17,39
Pune,G002,2023-01-18,41
Pune,G002,2023-01-19,39
Pune,G002,2023-01-20,47
Pune,G002,2023-01-21,34
Pune,G002,2023-01-22,41
Pune,G002,2023-01-23,45
Pune,G002,2023-01-24,31
Pune,G002,2023-01-25,34
Pune,G002,2023-01-26,43
Pune,G002,2023-01-27,45
Pune,G002,2023-01-28,36
Pune,G002,2023-01-29,41
Pune,G002,2023-01-30,32
Pune,G003,2023-01-01,61
Pune,G003,2023-01-02,49
Pune,G003,2023-01-03,25
Pune,G003,2023-01-04,17
Pune,G003,2023-01-05,25
Pune,G003,2023-01-06,61
Pune,G003,2023-01-07,24
Pune,G003,2023-01-08,54
Pune,G003,2023-01-09,49
Pune,G003,2023-01-10,46
Pune,G003,2023-01-11,47
Pune,G003,2023-01-12,43
Pune,G003,2023-01-13,47
Pune,G003,2023-01-14,35
Pune,G003,2023-01-15,39
Pune,G003,2023-01-16,43
Pune,G003,2023-01-17,44
Pune,G003,2023-01-18,32
Pune,G003,2023-01-19,38
Pune,G003,2023-01-20,46
Pune,G003,2023-01-21,46
Pune,G003,2023-01-22,38
Pune,G003,2023-01-23,42
Pune,G003,2023-01-24,41
Pune,G003,2023-01-25,42
Pune,G003,2023-01-26,31
Pune,G003,2023-01-27,45
Pune,G003,2023-01-28,34
Pune,G003,2023-01-29,37
Pune,G003,2023-01-30,42
Pune,G004,2023-01-01,18
Pune,G004,2023-01-02,68
Pune,G004,2023-01-03,27
Pune,G004,2023-01-04,30
Pune,G004,2023-01-05,71
Pune,G004,2023-01-06,50
Pune,G004,2023-01-07,22
Pune,G004,2023-01-08,75
Pune,G004,2023-01-09,51
Pune,G004,2023-01-10,38
Pune,G004,2023-01-11,40
Pune,G004,2023-01-12,35
Pune,G004,2023-01-13,48
Pune,G004,2023-01-14,37
Pune,G004,2023-01-15,36
Pune,G004,2023-01-16,48
Pune,G004,2023-01-17,43
Pune,G004,2023-01-18,42
Pune,G004,2023-01-19,40
Pune,G004,2023-01-20,42
Pune,G004,2023-01-21,42
Pune,G004,2023-01-22,45
Pune,G004,2023-01-23,33
Pune,G004,2023-01-24,38
Pune,G004,2023-01-25,46
Pune,G004,2023-01-26,42
Pune,G004,2023-01-27,45
Pune,G004,2023-01-28,47
Pune,G004,2023-01-29,46
Pune,G004,2023-01-30,41
Pune,G005,2023-01-01,23
Pune,G005,2023-01-02,18
Pune,G005,2023-01-03,22
Pune,G005,2023-01-04,71
Pune,G005,2023-01-05,66
Pune,G005,2023-01-06,34
Pune,G005,2023-01-07,43
Pune,G005,2023-01-08,29
Pune,G005,2023-01-09,61
Pune,G005,2023-01-10,37
Pune,G005,2023-01-11,34
Pune,G005,2023-01-12,42
Pune,G005,2023-01-13,33
Pune,G005,2023-01-14,41
Pune,G005,2023-01-15,34
Pune,G005,2023-01-16,40
Pune,G005,2023-01-17,37
Pune,G005,2023-01-18,38
Pune,G005,2023-01-19,43
Pune,G005,2023-01-20,45
Pune,G005,2023-01-21,47
Pune,G005,2023-01-22,41
Pune,G005,2023-01-23,39
Pune,G005,2023-01-24,49
Pune,G005,2023-01-25,36
Pune,G005,2023-01-26,34
Pune,G005,2023-01-27,33
Pune,G005,2023-01-28,37
Pune,G005,2023-01-29,49
Pune,G005,2023-01-30,48
Aurangabad,F001,2023-01-01,19
Aurangabad,F001,2023-01-02,18
Aurangabad,F001,2023-01-03,21
Aurangabad,F001,2023-01-04,26
Aurangabad,F001,2023-01-05,22
Aurangabad,F001,2023-01-06,23
Aurangabad,F001,2023-01-07,22
Aurangabad,F001,2023-01-08,18
Aurangabad,F001,2023-01-09,18
Aurangabad,F001,2023-01-10,23
Aurangabad,F001,2023-01-11,29
Aurangabad,F001,2023-01-12,25
Aurangabad,F001,2023-01-13,23
Aurangabad,F001,2023-01-14,25
Aurangabad,F001,2023-01-15,22
Aurangabad,F001,2023-01-16,17
Aurangabad,F001,2023-01-17,25
Aurangabad,F001,2023-01-18,22
Aurangabad,F001,2023-01-19,25
Aurangabad,F001,2023-01-20,18
Aurangabad,F001,2023-01-21,26
Aurangabad,F001,2023-01-22,20
Aurangabad,F001,2023-01-23,25
Aurangabad,F001,2023-01-24,19
Aurangabad,F001,2023-01-25,25
Aurangabad,F001,2023-01-26,27
Aurangabad,F001,2023-01-27,25
Aurangabad,F001,2023-01-28,18
Aurangabad,F001,2023-01-29,28
Aurangabad,F001,2023-01-30,25
Aurangabad,F002,2023-01-01,23
Aurangabad,F002,2023-01-02,18
Aurangabad,F002,2023-01-03,25
Aurangabad,F002,2023-01-04,20
Aurangabad,F002,2023-01-05,26
Aurangabad,F002,2023-01-06,22
Aurangabad,F002,2023-01-07,21
Aurangabad,F002,2023-01-08,21
Aurangabad,F002,2023-01-09,20
Aurangabad,F002,2023-01-10,28
Aurangabad,F002,2023-01-11,26
Aurangabad,F002,2023-01-12,26
Aurangabad,F002,2023-01-13,18
Aurangabad,F002,2023-01-14,20
Aurangabad,F002,2023-01-15,17
Aurangabad,F002,2023-01-16,22
Aurangabad,F002,2023-01-17,25
Aurangabad,F002,2023-01-18,18
Aurangabad,F002,2023-01-19,17
Aurangabad,F002,2023-01-20,21
Aurangabad,F002,2023-01-21,23
Aurangabad,F002,2023-01-22,23
Aurangabad,F002,2023-01-23,26
Aurangabad,F002,2023-01-24,20
Aurangabad,F002,2023-01-25,23
Aurangabad,F002,2023-01-26,30
Aurangabad,F002,2023-01-27,22
Aurangabad,F002,2023-01-28,19
Aurangabad,F002,2023-01-29,22
Aurangabad,F002,2023-01-30,24
Aurangabad,F003,2023-01-01,16
Aurangabad,F003,2023-01-02,28
Aurangabad,F003,2023-01-03,21
Aurangabad,F003,2023-01-04,23
Aurangabad,F003,2023-01-05,24
Aurangabad,F003,2023-01-06,28
Aurangabad,F003,2023-01-07,16
Aurangabad,F003,2023-01-08,18
Aurangabad,F003,2023-01-09,23
Aurangabad,F003,2023-01-10,24
Aurangabad,F003,2023-01-11,18
Aurangabad,F003,2023-01-12,23
Aurangabad,F003,2023-01-13,24
Aurangabad,F003,2023-01-14,24
Aurangabad,F003,2023-01-15,29
Aurangabad,F003,2023-01-16,26
Aurangabad,F003,2023-01-17,20
Aurangabad,F003,2023-01-18,23
Aurangabad,F003,2023-01-19,19
Aurangabad,F003,2023-01-20,20
Aurangabad,F003,2023-01-21,21
Aurangabad,F003,2023-01-22,22
Aurangabad,F003,2023-01-23,19
Aurangabad,F003,2023-01-24,20
Aurangabad,F003,2023-01-25,22
Aurangabad,F003,2023-01-26,21
Aurangabad,F003,2023-01-27,18
Aurangabad,F003,2023-01-28,23
Aurangabad,F003,2023-01-29,19
Aurangabad,F003,2023-01-30,23
Aurangabad,F004,2023-01-01,22
Aurangabad,F004,2023-01-02,24
Aurangabad,F004,2023-01-03,22
Aurangabad,F004,2023-01-04,24
Aurangabad,F004,2023-01-05,22
Aurangabad,F004,2023-01-06,19
Aurangabad,F004,2023-01-07,18
Aurangabad,F004,2023-01-08,21
Aurangabad,F004,2023-01-09,23
Aurangabad,F004,2023-01-10,21
Aurangabad,F004,2023-01-11,23
Aurangabad,F004,2023-01-12,26
Aurangabad,F004,2023-01-13,19
Aurangabad,F004,2023-01-14,26
Aurangabad,F004,2023-01-15,24
Aurangabad,F004,2023-01-16,25
Aurangabad,F004,2023-01-17,23
Aurangabad,F004,2023-01-18,25
Aurangabad,F004,2023-01-19,17
Aurangabad,F004,2023-01-20,19
Aurangabad,F004,2023-01-21,25
Aurangabad,F004,2023-01-22,17
Aurangabad,F004,2023-01-23,21
Aurangabad,F004,2023-01-24,23
Aurangabad,F004,2023-01-25,24
Aurangabad,F004,2023-01-26,25
Aurangabad,F004,2023-01-27,21
Aurangabad,F004,2023-01-28,25
Aurangabad,F004,2023-01-29,22
Aurangabad,F004,2023-01-30,23
Aurangabad,F005,2023-01-01,21
Aurangabad,F005,2023-01-02,20
Aurangabad,F005,2023-01-03,22
Aurangabad,F005,2023-01-04,23
Aurangabad,F005,2023-01-05,26
Aurangabad,F005,2023-01-06,22
Aurangabad,F005,2023-01-07,22
Aurangabad,F005,2023-01-08,24
Aurangabad,F005,2023-01-09,19
Aurangabad,F005,2023-01-10,22
Aurangabad,F005,2023-01-11,21
Aurangabad,F005,2023-01-12,21
Aurangabad,F005,2023-01-13,29
Aurangabad,F005,2023-01-14,26
Aurangabad,F005,2023-01-15,25
Aurangabad,F005,2023-01-16,25
Aurangabad,F005,2023-01-17,22
Aurangabad,F005,2023-01-18,19
Aurangabad,F005,2023-01-19,27
Aurangabad,F005,2023-01-20,16
Aurangabad,F005,2023-01-21,22
Aurangabad,F005,2023-01-22,28
Aurangabad,F005,2023-01-23,25
Aurangabad,F005,2023-01-24,21
Aurangabad,F005,2023-01-25,20
Aurangabad,F005,2023-01-26,29
Aurangabad,F005,2023-01-27,18
Aurangabad,F005,2023-01-28,21
Aurangabad,F005,2023-01-29,26
Aurangabad,F005,2023-01-30,16
Aurangabad,M001,2023-01-01,21
Aurangabad,M001,2023-01-02,21
Aurangabad,M001,2023-01-03,20
Aurangabad,M001,2023-01-04,22
Aurangabad,M001,2023-01-05,24
Aurangabad,M001,2023-01-06,19
Aurangabad,M001,2023-01-07,23
Aurangabad,M001,2023-01-08,20
Aurangabad,M001,2023-01-09,24
Aurangabad,M001,2023-01-10,23
Aurangabad,M001,2023-01-11,22
Aurangabad,M001,2023-01-12,20
Aurangabad,M001,2023-01-13,20
Aurangabad,M001,2023-01-14,26
Aurangabad,M001,2023-01-15,27
Aurangabad,M001,2023-01-16,24
Aurangabad,M001,2023-01-17,29
Aurangabad,M001,2023-01-18,24
Aurangabad,M001,2023-01-19,21
Aurangabad,M001,2023-01-20,22
Aurangabad,M001,2023-01-21,18
Aurangabad,M001,2023-01-22,26
Aurangabad,M001,2023-01-23,20
Aurangabad,M001,2023-01-24,18
Aurangabad,M001,2023-01-25,23
Aurangabad,M001,2023-01-26,25
Aurangabad,M001,2023-01-27,26
Aurangabad,M001,2023-01-28,17
Aurangabad,M001,2023-01-29,19
Aurangabad,M001,2023-01-30,23
Aurangabad,M002,2023-01-01,19
Aurangabad,M002,2023-01-02,17
Aurangabad,M002,2023-01-03,23
Aurangabad,M002,2023-01-04,21
Aurangabad,M002,2023-01-05,21
Aurangabad,M002,2023-01-06,19
Aurangabad,M002,2023-01-07,22
Aurangabad,M002,2023-01-08,25
Aurangabad,M002,2023-01-09,21
Aurangabad,M002,2023-01-10,26
Aurangabad,M002,2023-01-11,21
Aurangabad,M002,2023-01-12,18
Aurangabad,M002,2023-01-13,21
Aurangabad,M002,2023-01-14,24
Aurangabad,M002,2023-01-15,23
Aurangabad,M002,2023-01-16,24
Aurangabad,M002,2023-01-17,20
Aurangabad,M002,2023-01-18,26
Aurangabad,M002,2023-01-19,25
Aurangabad,M002,2023-01-20,21
Aurangabad,M002,2023-01-21,27
Aurangabad,M002,2023-01-22,23
Aurangabad,M002,2023-01-23,26
Aurangabad,M002,2023-01-24,17
Aurangabad,M002,2023-01-25,19
Aurangabad,M002,2023-01-26,24
Aurangabad,M002,2023-01-27,27
Aurangabad,M002,2023-01-28,23
Aurangabad,M002,2023-01-29,16
Aurangabad,M002,2023-01-30,24
Aurangabad,M003,2023-01-01,17
Aurangabad,M003,2023-01-02,25
Aurangabad,M003,2023-01-03,22
Aurangabad,M003,2023-01-04,23
Aurangabad,M003,2023-01-05,26
Aurangabad,M003,2023-01-06,25
Aurangabad,M003,2023-01-07,17
Aurangabad,M003,2023-01-08,24
Aurangabad,M003,2023-01-09,21
Aurangabad,M003,2023-01-10,23
Aurangabad,M003,2023-01-11,25
Aurangabad,M003,2023-01-12,26
Aurangabad,M003,2023-01-13,18
Aurangabad,M003,2023-01-14,29
Aurangabad,M003,2023-01-15,18
Aurangabad,M003,2023-01-16,21
Aurangabad,M003,2023-01-17,22
Aurangabad,M003,2023-01-18,28
Aurangabad,M003,2023-01-19,22
Aurangabad,M003,2023-01-20,17
Aurangabad,M003,2023-01-21,25
Aurangabad,M003,2023-01-22,25
Aurangabad,M003,2023-01-23,17
Aurangabad,M003,2023-01-24,27
Aurangabad,M003,2023-01-25,27
Aurangabad,M003,2023-01-26,24
Aurangabad,M003,2023-01-27,22
Aurangabad,M003,2023-01-28,22
Aurangabad,M003,2023-01-29,28
Aurangabad,M003,2023-01-30,20
Aurangabad,M004,2023-01-01,23
Aurangabad,M004,2023-01-02,27
Aurangabad,M004,2023-01-03,24
Aurangabad,M004,2023-01-04,26
Aurangabad,M004,2023-01-05,18
Aurangabad,M004,2023-01-06,16
Aurangabad,M004,2023-01-07,22
Aurangabad,M004,2023-01-08,21
Aurangabad,M004,2023-01-09,21
Aurangabad,M004,2023-01-10,26
Aurangabad,M004,2023-01-11,22
Aurangabad,M004,2023-01-12,19
Aurangabad,M004,2023-01-13,27
Aurangabad,M004,2023-01-14,27
Aurangabad,M004,2023-01-15,21
Aurangabad,M004,2023-01-16,28
Aurangabad,M004,2023-01-17,16
Aurangabad,M004,2023-01-18,20
Aurangabad,M004,2023-01-19,25
Aurangabad,M004,2023-01-20,20
Aurangabad,M004,2023-01-21,20
Aurangabad,M004,2023-01-22,22
Aurangabad,M004,2023-01-23,24
Aurangabad,M004,2023-01-24,28
Aurangabad,M004,2023-01-25,17
Aurangabad,M004,2023-01-26,22
Aurangabad,M004,2023-01-27,18
Aurangabad,M004,2023-01-28,16
Aurangabad,M004,2023-01-29,27
Aurangabad,M004,2023-01-30,23
Aurangabad,M005,2023-01-01,22
Aurangabad,M005,2023-01-02,25
Aurangabad,M005,2023-01-03,19
Aurangabad,M005,2023-01-04,17
Aurangabad,M005,2023-01-05,17
Aurangabad,M005,2023-01-06,20
Aurangabad,M005,2023-01-07,21
Aurangabad,M005,2023-01-08,22
Aurangabad,M005,2023-01-09,29
Aurangabad,M005,2023-01-10,18
Aurangabad,M005,2023-01-11,20
Aurangabad,M005,2023-01-12,25
Aurangabad,M005,2023-01-13,20
Aurangabad,M005,2023-01-14,19
Aurangabad,M005,2023-01-15,25
Aurangabad,M005,2023-01-16,21
Aurangabad,M005,2023-01-17,21
Aurangabad,M005,2023-01-18,22
Aurangabad,M005,2023-01-19,23
Aurangabad,M005,2023-01-20,29
Aurangabad,M005,2023-01-21,25
Aurangabad,M005,2023-01-22,27
Aurangabad,M005,2023-01-23,18
Aurangabad,M005,2023-01-24,30
Aurangabad,M005,2023-01-25,24
Aurangabad,M005,2023-01-26,28
Aurangabad,M005,2023-01-27,27
Aurangabad,M005,2023-01-28,21
Aurangabad,M005,2023-01-29,24
Aurangabad,M005,2023-01-30,25
Aurangabad,B001,2023-01-01,21
Aurangabad,B001,2023-01-02,23
Aurangabad,B001,2023-01-03,23
Aurangabad,B001,2023-01-04,32
Aurangabad,B001,2023-01-05,31
Aurangabad,B001,2023-01-06,29
Aurangabad,B001,2023-01-07,20
Aurangabad,B001,2023-01-08,28
Aurangabad,B001,2023-01-09,22
Aurangabad,B001,2023-01-10,21
Aurangabad,B001,2023-01-11,29
Aurangabad,B001,2023-01-12,26
Aurangabad,B001,2023-01-13,20
Aurangabad,B001,2023-01-14,22
Aurangabad,B001,2023-01-15,23
Aurangabad,B001,2023-01-16,22
Aurangabad,B001,2023-01-17,27
Aurangabad,B001,2023-01-18,25
Aurangabad,B001,2023-01-19,31
Aurangabad,B001,2023-01-20,28
Aurangabad,B001,2023-01-21,37
Aurangabad,B001,2023-01-22,38
Aurangabad,B001,2023-01-23,27
Aurangabad,B001,2023-01-24,38
Aurangabad,B001,2023-01-25,31
Aurangabad,B001,2023-01-26,36
Aurangabad,B001,2023-01-27,39
Aurangabad,B001,2023-01-28,29
Aurangabad,B001,2023-01-29,33
Aurangabad,B001,2023-01-30,30
Aurangabad,B002,2023-01-01,27
Aurangabad,B002,2023-01-02,27
Aurangabad,B002,2023-01-03,22
Aurangabad,B002,2023-01-04,30
Aurangabad,B002,2023-01-05,24
Aurangabad,B002,2023-01-06,31
Aurangabad,B002,2023-01-07,23
Aurangabad,B002,2023-01-08,24
Aurangabad,B002,2023-01-09,24
Aurangabad,B002,2023-01-10,33
Aurangabad,B002,2023-01-11,29
Aurangabad,B002,2023-01-12,21
Aurangabad,B002,2023-01-13,27
Aurangabad,B002,2023-01-14,19
Aurangabad,B002,2023-01-15,28
Aurangabad,B002,2023-01-16,27
Aurangabad,B002,2023-01-17,30
Aurangabad,B002,2023-01-18,29
Aurangabad,B002,2023-01-19,22
Aurangabad,B002,2023-01-20,34
Aurangabad,B002,2023-01-21,30
Aurangabad,B002,2023-01-22,30
Aurangabad,B002,2023-01-23,36
Aurangabad,B002,2023-01-24,37
Aurangabad,B002,2023-01-25,33
Aurangabad,B002,2023-01-26,31
Aurangabad,B002,2023-01-27,34
Aurangabad,B002,2023-01-28,30
Aurangabad,B002,2023-01-29,34
Aurangabad,B002,2023-01-30,36
Aurangabad,B003,2023-01-01,26
Aurangabad,B003,2023-01-02,25
Aurangabad,B003,2023-01-03,23
Aurangabad,B003,2023-01-04,27
Aurangabad,B003,2023-01-05,30
Aurangabad,B003,2023-01-06,25
Aurangabad,B003,2023-01-07,23
Aurangabad,B003,2023-01-08,26
Aurangabad,B003,2023-01-09,23
Aurangabad,B003,2023-01-10,32
Aurangabad,B003,2023-01-11,21
Aurangabad,B003,2023-01-12,28
Aurangabad,B003,2023-01-13,26
Aurangabad,B003,2023-01-14,27
Aurangabad,B003,2023-01-15,23
Aurangabad,B003,2023-01-16,25
Aurangabad,B003,2023-01-17,22
Aurangabad,B003,2023-01-18,18
Aurangabad,B003,2023-01-19,25
Aurangabad,B003,2023-01-20,35
Aurangabad,B003,2023-01-21,35
Aurangabad,B003,2023-01-22,28
Aurangabad,B003,2023-01-23,32
Aurangabad,B003,2023-01-24,33
Aurangabad,B003,2023-01-25,34
Aurangabad,B003,2023-01-26,32
Aurangabad,B003,2023-01-27,33
Aurangabad,B003,2023-01-28,36
Aurangabad,B003,2023-01-29,34
Aurangabad,B003,2023-01-30,29
Aurangabad,B004,2023-01-01,23
Aurangabad,B004,2023-01-02,29
Aurangabad,B004,2023-01-03,29
Aurangabad,B004,2023-01-04,30
Aurangabad,B004,2023-01-05,28
Aurangabad,B004,2023-01-06,27
Aurangabad,B004,2023-01-07,28
Aurangabad,B004,2023-01-08,27
Aurangabad,B004,2023-01-09,20
Aurangabad,B004,2023-01-10,23
Aurangabad,B004,2023-01-11,21
Aurangabad,B004,2023-01-12,30
Aurangabad,B004,2023-01-13,22
Aurangabad,B004,2023-01-14,28
Aurangabad,B004,2023-01-15,18
Aurangabad,B004,2023-01-16,31
Aurangabad,B004,2023-01-17,28
Aurangabad,B004,2023-01-18,26
Aurangabad,B004,2023-01-19,25
Aurangabad,B004,2023-01-20,34
Aurangabad,B004,2023-01-21,34
Aurangabad,B004,2023-01-22,31
Aurangabad,B004,2023-01-23,31
Aurangabad,B004,2023-01-24,29
Aurangabad,B004,2023-01-25,32
Aurangabad,B004,2023-01-26,40
Aurangabad,B004,2023-01-27,35
Aurangabad,B004,2023-01-28,39
Aurangabad,B004,2023-01-29,33
Aurangabad,B004,2023-01-30,35
Aurangabad,B005,2023-01-01,44
Aurangabad,B005,2023-01-02,37
Aurangabad,B005,2023-01-03,47
Aurangabad,B005,2023-01-04,41
Aurangabad,B005,2023-01-05,40
Aurangabad,B005,2023-01-06,42
Aurangabad,B005,2023-01-07,42
Aurangabad,B005,2023-01-08,42
Aurangabad,B005,2023-01-09,39
Aurangabad,B005,2023-01-10,44
Aurangabad,B005,2023-01-11,45
Aurangabad,B005,2023-01-12,37
Aurangabad,B005,2023-01-13,41
Aurangabad,B005,2023-01-14,44
Aurangabad,B005,2023-01-15,40
Aurangabad,B005,2023-01-16,44
Aurangabad,B005,2023-01-17,47
Aurangabad,B005,2023-01-18,44
Aurangabad,B005,2023-01-19,42
Aurangabad,B005,2023-01-20,39
Aurangabad,B005,2023-01-21,49
Aurangabad,B005,2023-01-22,38
Aurangabad,B005,2023-01-23,47
Aurangabad,B005,2023-01-24,43
Aurangabad,B005,2023-01-25,40
Aurangabad,B005,2023-01-26,43
Aurangabad,B005,2023-01-27,43
Aurangabad,B005,2023-01-28,40
Aurangabad,B005,2023-01-29,45
Aurangabad,B005,2023-01-30,43
Aurangabad,V001,2023-01-01,37
Aurangabad,V001,2023-01-02,33
Aurangabad,V001,2023-01-03,44
Aurangabad,V001,2023-01-04,34
Aurangabad,V001,2023-01-05,44
Aurangabad,V001,2023-01-06,42
Aurangabad,V001,2023-01-07,39
Aurangabad,V001,2023-01-08,35
Aurangabad,V001,2023-01-09,41
Aurangabad,V001,2023-01-10,37
Aurangabad,V001,2023-01-11,39
Aurangabad,V001,2023-01-12,38
Aurangabad,V001,2023-01-13,41
Aurangabad,V001,2023-01-14,41
Aurangabad,V001,2023-01-15,40
Aurangabad,V001,2023-01-16,42
Aurangabad,V001,2023-01-17,35
Aurangabad,V001,2023-01-18,33
Aurangabad,V001,2023-01-19,44
Aurangabad,V001,2023-01-20,30
Aurangabad,V001,2023-01-21,15
Aurangabad,V001,2023-01-22,12
Aurangabad,V001,2023-01-23,15
Aurangabad,V001,2023-01-24,14
Aurangabad,V001,2023-01-25,17
Aurangabad,V001,2023-01-26,15
Aurangabad,V001,2023-01-27,18
Aurangabad,V001,2023-01-28,16
Aurangabad,V001,2023-01-29,16
Aurangabad,V001,2023-01-30,18
Aurangabad,V002,2023-01-01,55
Aurangabad,V002,2023-01-02,62
Aurangabad,V002,2023-01-03,58
Aurangabad,V002,2023-01-04,63
Aurangabad,V002,2023-01-05,57
Aurangabad,V002,2023-01-06,67
Aurangabad,V002,2023-01-07,62
Aurangabad,V002,2023-01-08,64
Aurangabad,V002,2023-01-09,63
Aurangabad,V002,2023-01-10,56
Aurangabad,V002,2023-01-11,69
Aurangabad,V002,2023-01-12,64
Aurangabad,V002,2023-01-13,64
Aurangabad,V002,2023-01-14,55
Aurangabad,V002,2023-01-15,61
Aurangabad,V002,2023-01-16,65
Aurangabad,V002,2023-01-17,66
Aurangabad,V002,2023-01-18,60
Aurangabad,V002,2023-01-19,63
Aurangabad,V002,2023-01-20,56
Aurangabad,V002,2023-01-21,68
Aurangabad,V002,2023-01-22,59
Aurangabad,V002,2023-01-23,63
Aurangabad,V002,2023-01-24,56
Aurangabad,V002,2023-01-25,63
Aurangabad,V002,2023-01-26,59
Aurangabad,V002,2023-01-27,63
Aurangabad,V002,2023-01-28,62
Aurangabad,V002,2023-01-29,57
Aurangabad,V002,2023-01-30,59
Aurangabad,V003,2023-01-01,61
Aurangabad,V003,2023-01-02,64
Aurangabad,V003,2023-01-03,61
Aurangabad,V003,2023-01-04,58
Aurangabad,V003,2023-01-05,62
Aurangabad,V003,2023-01-06,56
Aurangabad,V003,2023-01-07,62
Aurangabad,V003,2023-01-08,53
Aurangabad,V003,2023-01-09,60
Aurangabad,V003,2023-01-10,54
Aurangabad,V003,2023-01-11,55
Aurangabad,V003,2023-01-12,59
Aurangabad,V003,2023-01-13,68
Aurangabad,V003,2023-01-14,62
Aurangabad,V003,2023-01-15,64
Aurangabad,V003,2023-01-16,58
Aurangabad,V003,2023-01-17,62
Aurangabad,V003,2023-01-18,64
Aurangabad,V003,2023-01-19,53
Aurangabad,V003,2023-01-20,61
Aurangabad,V003,2023-01-21,55
Aurangabad,V003,2023-01-22,62
Aurangabad,V003,2023-01-23,58
Aurangabad,V003,2023-01-24,60
Aurangabad,V003,2023-01-25,62
Aurangabad,V003,2023-01-26,59
Aurangabad,V003,2023-01-27,55
Aurangabad,V003,2023-01-28,62
Aurangabad,V003,2023-01-29,60
Aurangabad,V003,2023-01-30,64
Aurangabad,V004,2023-01-01,63
Aurangabad,V004,2023-01-02,59
Aurangabad,V004,2023-01-03,55
Aurangabad,V004,2023-01-04,59
Aurangabad,V004,2023-01-05,63
Aurangabad,V004,2023-01-06,59
Aurangabad,V004,2023-01-07,68
Aurangabad,V004,2023-01-08,62
Aurangabad,V004,2023-01-09,61
Aurangabad,V004,2023-01-10,65
Aurangabad,V004,2023-01-11,69
Aurangabad,V004,2023-01-12,59
Aurangabad,V004,2023-01-13,56
Aurangabad,V004,2023-01-14,56
Aurangabad,V004,2023-01-15,68
Aurangabad,V004,2023-01-16,56
Aurangabad,V004,2023-01-17,66
Aurangabad,V004,2023-01-18,61
Aurangabad,V004,2023-01-19,64
Aurangabad,V004,2023-01-20,65
Aurangabad,V004,2023-01-21,60
Aurangabad,V004,2023-01-22,63
Aurangabad,V004,2023-01-23,61
Aurangabad,V004,2023-01-24,57
Aurangabad,V004,2023-01-25,68
Aurangabad,V004,2023-01-26,64
Aurangabad,V004,2023-01-27,64
Aurangabad,V004,2023-01-28,65
Aurangabad,V004,2023-01-29,60
Aurangabad,V004,2023-01-30,58
Aurangabad,V005,2023-01-01,40
Aurangabad,V005,2023-01-02,39
Aurangabad,V005,2023-01-03,35
Aurangabad,V005,2023-01-04,37
Aurangabad,V005,2023-01-05,32
Aurangabad,V005,2023-01-06,42
Aurangabad,V005,2023-01-07,44
Aurangabad,V005,2023-01-08,36
Aurangabad,V005,2023-01-09,38
Aurangabad,V005,2023-01-10,42
Aurangabad,V005,2023-01-11,44
Aurangabad,V005,2023-01-12,32
Aurangabad,V005,2023-01-13,42
Aurangabad,V005,2023-01-14,41
Aurangabad,V005,2023-01-15,33
Aurangabad,V005,2023-01-16,46
Aurangabad,V005,2023-01-17,34
Aurangabad,V005,2023-01-18,38
Aurangabad,V005,2023-01-19,38
Aurangabad,V005,2023-01-20,36
Aurangabad,V005,2023-01-21,16
Aurangabad,V005,2023-01-22,13
Aurangabad,V005,2023-01-23,15
Aurangabad,V005,2023-01-24,12
Aurangabad,V005,2023-01-25,15
Aurangabad,V005,2023-01-26,11
Aurangabad,V005,2023-01-27,14
Aurangabad,V005,2023-01-28,20
Aurangabad,V005,2023-01-29,8
Aurangabad,V005,2023-01-30,17
Aurangabad,S001,2023-01-01,31
Aurangabad,S001,2023-01-02,40
Aurangabad,S001,2023-01-03,47
Aurangabad,S001,2023-01-04,34
Aurangabad,S001,2023-01-05,35
Aurangabad,S001,2023-01-06,45
Aurangabad,S001,2023-01-07,29
Aurangabad,S001,2023-01-08,47
Aurangabad,S001,2023-01-09,35
Aurangabad,S001,2023-01-10,45
Aurangabad,S001,2023-01-11,43
Aurangabad,S001,2023-01-12,37
Aurangabad,S001,2023-01-13,39
Aurangabad,S001,2023-01-14,43
Aurangabad,S001,2023-01-15,40
Aurangabad,S001,2023-01-16,47
Aurangabad,S001,2023-01-17,33
Aurangabad,S001,2023-01-18,42
Aurangabad,S001,2023-01-19,41
Aurangabad,S001,2023-01-20,7
Aurangabad,S001,2023-01-21,9
Aurangabad,S001,2023-01-22,10
Aurangabad,S001,2023-01-23,10
Aurangabad,S001,2023-01-24,11
Aurangabad,S001,2023-01-25,14
Aurangabad,S001,2023-01-26,10
Aurangabad,S001,2023-01-27,10
Aurangabad,S001,2023-01-28,16
Aurangabad,S001,2023-01-29,12
Aurangabad,S001,2023-01-30,14
Aurangabad,S002,2023-01-01,24
Aurangabad,S002,2023-01-02,24
Aurangabad,S002,2023-01-03,17
Aurangabad,S002,2023-01-04,19
Aurangabad,S002,2023-01-05,22
Aurangabad,S002,2023-01-06,25
Aurangabad,S002,2023-01-07,20
Aurangabad,S002,2023-01-08,20
Aurangabad,S002,2023-01-09,23
Aurangabad,S002,2023-01-10,22
Aurangabad,S002,2023-01-11,20
Aurangabad,S002,2023-01-12,22
Aurangabad,S002,2023-01-13,25
Aurangabad,S002,2023-01-14,20
Aurangabad,S002,2023-01-15,21
Aurangabad,S002,2023-01-16,17
Aurangabad,S002,2023-01-17,27
Aurangabad,S002,2023-01-18,19
Aurangabad,S002,2023-01-19,20
Aurangabad,S002,2023-01-20,13
Aurangabad,S002,2023-01-21,9
Aurangabad,S002,2023-01-22,18
Aurangabad,S002,2023-01-23,13
Aurangabad,S002,2023-01-24,13
Aurangabad,S002,2023-01-25,14
Aurangabad,S002,2023-01-26,14
Aurangabad,S002,2023-01-27,15
Aurangabad,S002,2023-01-28,15
Aurangabad,S002,2023-01-29,15
Aurangabad,S002,2023-01-30,18
Aurangabad,S003,2023-01-01,30
Aurangabad,S003,2023-01-02,46
Aurangabad,S003,2023-01-03,29
Aurangabad,S003,2023-01-04,42
Aurangabad,S003,2023-01-05,36
Aurangabad,S003,2023-01-06,37
Aurangabad,S003,2023-01-07,36
Aurangabad,S003,2023-01-08,48
Aurangabad,S003,2023-01-09,35
Aurangabad,S003,2023-01-10,49
Aurangabad,S003,2023-01-11,41
Aurangabad,S003,2023-01-12,33
Aurangabad,S003,2023-01-13,39
Aurangabad,S003,2023-01-14,40
Aurangabad,S003,2023-01-15,43
Aurangabad,S003,2023-01-16,37
Aurangabad,S003,2023-01-17,41
Aurangabad,S003,2023-01-18,35
Aurangabad,S003,2023-01-19,26
Aurangabad,S003,2023-01-20,18
Aurangabad,S003,2023-01-21,12
Aurangabad,S003,2023-01-22,19
Aurangabad,S003,2023-01-23,15
Aurangabad,S003,2023-01-24,12
Aurangabad,S003,2023-01-25,16
Aurangabad,S003,2023-01-26,10
Aurangabad,S003,2023-01-27,11
Aurangabad,S003,2023-01-28,10
Aurangabad,S003,2023-01-29,13
Aurangabad,S003,2023-01-30,17
Aurangabad,S004,2023-01-01,40
Aurangabad,S004,2023-01-02,43
Aurangabad,S004,2023-01-03,30
Aurangabad,S004,2023-01-04,33
Aurangabad,S004,2023-01-05,38
Aurangabad,S004,2023-01-06,28
Aurangabad,S004,2023-01-07,39
Aurangabad,S004,2023-01-08,46
Aurangabad,S004,2023-01-09,45
Aurangabad,S004,2023-01-10,44
Aurangabad,S004,2023-01-11,36
Aurangabad,S004,2023-01-12,32
Aurangabad,S004,2023-01-13,43
Aurangabad,S004,2023-01-14,42
Aurangabad,S004,2023-01-15,30
Aurangabad,S004,2023-01-16,39
Aurangabad,S004,2023-01-17,46
Aurangabad,S004,2023-01-18,47
Aurangabad,S004,2023-01-19,36
Aurangabad,S004,2023-01-20,17
Aurangabad,S004,2023-01-21,13
Aurangabad,S004,2023-01-22,12
Aurangabad,S004,2023-01-23,15
Aurangabad,S004,2023-01-24,15
Aurangabad,S004,2023-01-25,9
Aurangabad,S004,2023-01-26,12
Aurangabad,S004,2023-01-27,16
Aurangabad,S004,2023-01-28,9
Aurangabad,S004,2023-01-29,11
Aurangabad,S004,2023-01-30,17
Aurangabad,S005,2023-01-01,22
Aurangabad,S005,2023-01-02,22
Aurangabad,S005,2023-01-03,22
Aurangabad,S005,2023-01-04,26
Aurangabad,S005,2023-01-05,26
Aurangabad,S005,2023-01-06,19
Aurangabad,S005,2023-01-07,21
Aurangabad,S005,2023-01-08,26
Aurangabad,S005,2023-01-09,22
Aurangabad,S005,2023-01-10,23
Aurangabad,S005,2023-01-11,19
Aurangabad,S005,2023-01-12,20
Aurangabad,S005,2023-01-13,26
Aurangabad,S005,2023-01-14,20
Aurangabad,S005,2023-01-15,17
Aurangabad,S005,2023-01-16,21
Aurangabad,S005,2023-01-17,24
Aurangabad,S005,2023-01-18,21
Aurangabad,S005,2023-01-19,23
Aurangabad,S005,2023-01-20,13
Aurangabad,S005,2023-01-21,15
Aurangabad,S005,2023-01-22,16
Aurangabad,S005,2023-01-23,12
Aurangabad,S005,2023-01-24,12
Aurangabad,S005,2023-01-25,16
Aurangabad,S005,2023-01-26,10
Aurangabad,S005,2023-01-27,10
Aurangabad,S005,2023-01-28,10
Aurangabad,S005,2023-01-29,11
Aurangabad,S005,2023-01-30,11
Aurangabad,ME001,2023-01-01,21
Aurangabad,ME001,2023-01-02,27
Aurangabad,ME001,2023-01-03,25
Aurangabad,ME001,2023-01-04,21
Aurangabad,ME001,2023-01-05,27
Aurangabad,ME001,2023-01-06,27
Aurangabad,ME001,2023-01-07,22
Aurangabad,ME001,2023-01-08,22
Aurangabad,ME001,2023-01-09,24
Aurangabad,ME001,2023-01-10,23
Aurangabad,ME001,2023-01-11,26
Aurangabad,ME001,2023-01-12,21
Aurangabad,ME001,2023-01-13,20
Aurangabad,ME001,2023-01-14,20
Aurangabad,ME001,2023-01-15,24
Aurangabad,ME001,2023-01-16,23
Aurangabad,ME001,2023-01-17,25
Aurangabad,ME001,2023-01-18,25
Aurangabad,ME001,2023-01-19,21
Aurangabad,ME001,2023-01-20,17
Aurangabad,ME001,2023-01-21,12
Aurangabad,ME001,2023-01-22,10
Aurangabad,ME001,2023-01-23,18
Aurangabad,ME001,2023-01-24,15
Aurangabad,ME001,2023-01-25,14
Aurangabad,ME001,2023-01-26,7
Aurangabad,ME001,2023-01-27,14
Aurangabad,ME001,2023-01-28,12
Aurangabad,ME001,2023-01-29,18
Aurangabad,ME001,2023-01-30,17
Aurangabad,ME002,2023-01-01,19
Aurangabad,ME002,2023-01-02,19
Aurangabad,ME002,2023-01-03,19
Aurangabad,ME002,2023-01-04,19
Aurangabad,ME002,2023-01-05,20
Aurangabad,ME002,2023-01-06,26
Aurangabad,ME002,2023-01-07,22
Aurangabad,ME002,2023-01-08,24
Aurangabad,ME002,2023-01-09,18
Aurangabad,ME002,2023-01-10,24
Aurangabad,ME002,2023-01-11,23
Aurangabad,ME002,2023-01-12,27
Aurangabad,ME002,2023-01-13,24
Aurangabad,ME002,2023-01-14,28
Aurangabad,ME002,2023-01-15,18
Aurangabad,ME002,2023-01-16,22
Aurangabad,ME002,2023-01-17,21
Aurangabad,ME002,2023-01-18,22
Aurangabad,ME002,2023-01-19,21
Aurangabad,ME002,2023-01-20,9
Aurangabad,ME002,2023-01-21,13
Aurangabad,ME002,2023-01-22,9
Aurangabad,ME002,2023-01-23,7
Aurangabad,ME002,2023-01-24,20
Aurangabad,ME002,2023-01-25,11
Aurangabad,ME002,2023-01-26,15
Aurangabad,ME002,2023-01-27,19
Aurangabad,ME002,2023-01-28,9
Aurangabad,ME002,2023-01-29,10
Aurangabad,ME002,2023-01-30,15
Aurangabad,ME003,2023-01-01,23
Aurangabad,ME003,2023-01-02,27
Aurangabad,ME003,2023-01-03,16
Aurangabad,ME003,2023-01-04,26
Aurangabad,ME003,2023-01-05,20
Aurangabad,ME003,2023-01-06,23
Aurangabad,ME003,2023-01-07,18
Aurangabad,ME003,2023-01-08,22
Aurangabad,ME003,2023-01-09,20
Aurangabad,ME003,2023-01-10,26
Aurangabad,ME003,2023-01-11,16
Aurangabad,ME003,2023-01-12,23
Aurangabad,ME003,2023-01-13,21
Aurangabad,ME003,2023-01-14,24
Aurangabad,ME003,2023-01-15,17
Aurangabad,ME003,2023-01-16,18
Aurangabad,ME003,2023-01-17,22
Aurangabad,ME003,2023-01-18,18
Aurangabad,ME003,2023-01-19,19
Aurangabad,ME003,2023-01-20,11
Aurangabad,ME003,2023-01-21,12
Aurangabad,ME003,2023-01-22,10
Aurangabad,ME003,2023-01-23,16
Aurangabad,ME003,2023-01-24,12
Aurangabad,ME003,2023-01-25,14
Aurangabad,ME003,2023-01-26,10
Aurangabad,ME003,2023-01-27,9
Aurangabad,ME003,2023-01-28,12
Aurangabad,ME003,2023-01-29,12
Aurangabad,ME003,2023-01-30,11
Aurangabad,ME004,2023-01-01,16
Aurangabad,ME004,2023-01-02,23
Aurangabad,ME004,2023-01-03,17
Aurangabad,ME004,2023-01-04,22
Aurangabad,ME004,2023-01-05,21
Aurangabad,ME004,2023-01-06,17
Aurangabad,ME004,2023-01-07,21
Aurangabad,ME004,2023-01-08,20
Aurangabad,ME004,2023-01-09,25
Aurangabad,ME004,2023-01-10,19
Aurangabad,ME004,2023-01-11,28
Aurangabad,ME004,2023-01-12,21
Aurangabad,ME004,2023-01-13,21
Aurangabad,ME004,2023-01-14,22
Aurangabad,ME004,2023-01-15,19
Aurangabad,ME004,2023-01-16,19
Aurangabad,ME004,2023-01-17,25
Aurangabad,ME004,2023-01-18,18
Aurangabad,ME004,2023-01-19,22
Aurangabad,ME004,2023-01-20,9
Aurangabad,ME004,2023-01-21,10
Aurangabad,ME004,2023-01-22,15
Aurangabad,ME004,2023-01-23,15
Aurangabad,ME004,2023-01-24,13
Aurangabad,ME004,2023-01-25,18
Aurangabad,ME004,2023-01-26,12
Aurangabad,ME004,2023-01-27,20
Aurangabad,ME004,2023-01-28,17
Aurangabad,ME004,2023-01-29,12
Aurangabad,ME004,2023-01-30,18
Aurangabad,ME005,2023-01-01,22
Aurangabad,ME005,2023-01-02,16
Aurangabad,ME005,2023-01-03,23
Aurangabad,ME005,2023-01-04,20
Aurangabad,ME005,2023-01-05,20
Aurangabad,ME005,2023-01-06,17
Aurangabad,ME005,2023-01-07,22
Aurangabad,ME005,2023-01-08,26
Aurangabad,ME005,2023-01-09,24
Aurangabad,ME005,2023-01-10,18
Aurangabad,ME005,2023-01-11,21
Aurangabad,ME005,2023-01-12,20
Aurangabad,ME005,2023-01-13,27
Aurangabad,ME005,2023-01-14,29
Aurangabad,ME005,2023-01-15,21
Aurangabad,ME005,2023-01-16,25
Aurangabad,ME005,2023-01-17,20
Aurangabad,ME005,2023-01-18,16
Aurangabad,ME005,2023-01-19,28
Aurangabad,ME005,2023-01-20,14
Aurangabad,ME005,2023-01-21,17
Aurangabad,ME005,2023-01-22,14
Aurangabad,ME005,2023-01-23,19
Aurangabad,ME005,2023-01-24,15
Aurangabad,ME005,2023-01-25,13
Aurangabad,ME005,2023-01-26,16
Aurangabad,ME005,2023-01-27,16
Aurangabad,ME005,2023-01-28,12
Aurangabad,ME005,2023-01-29,18
Aurangabad,ME005,2023-01-30,14
Aurangabad,K001,2023-01-01,21
Aurangabad,K001,2023-01-02,25
Aurangabad,K001,2023-01-03,19
Aurangabad,K001,2023-01-04,22
Aurangabad,K001,2023-01-05,22
Aurangabad,K001,2023-01-06,22
Aurangabad,K001,2023-01-07,22
Aurangabad,K001,2023-01-08,24
Aurangabad,K001,2023-01-09,22
Aurangabad,K001,2023-01-10,20
Aurangabad,K001,2023-01-11,24
Aurangabad,K001,2023-01-12,20
Aurangabad,K001,2023-01-13,18
Aurangabad,K001,2023-01-14,18
Aurangabad,K001,2023-01-15,18
Aurangabad,K001,2023-01-16,19
Aurangabad,K001,2023-01-17,21
Aurangabad,K001,2023-01-18,25
Aurangabad,K001,2023-01-19,20
Aurangabad,K001,2023-01-20,9
Aurangabad,K001,2023-01-21,19
Aurangabad,K001,2023-01-22,13
Aurangabad,K001,2023-01-23,11
Aurangabad,K001,2023-01-24,11
Aurangabad,K001,2023-01-25,10
Aurangabad,K001,2023-01-26,14
Aurangabad,K001,2023-01-27,13
Aurangabad,K001,2023-01-28,7
Aurangabad,K001,2023-01-29,16
Aurangabad,K001,2023-01-30,14
Aurangabad,K002,2023-01-01,23
Aurangabad,K002,2023-01-02,22
Aurangabad,K002,2023-01-03,18
Aurangabad,K002,2023-01-04,23
Aurangabad,K002,2023-01-05,20
Aurangabad,K002,2023-01-06,22
Aurangabad,K002,2023-01-07,19
Aurangabad,K002,2023-01-08,22
Aurangabad,K002,2023-01-09,21
Aurangabad,K002,2023-01-10,22
Aurangabad,K002,2023-01-11,18
Aurangabad,K002,2023-01-12,24
Aurangabad,K002,2023-01-13,19
Aurangabad,K002,2023-01-14,23
Aurangabad,K002,2023-01-15,25
Aurangabad,K002,2023-01-16,20
Aurangabad,K002,2023-01-17,23
Aurangabad,K002,2023-01-18,23
Aurangabad,K002,2023-01-19,19
Aurangabad,K002,2023-01-20,13
Aurangabad,K002,2023-01-21,13
Aurangabad,K002,2023-01-22,19
Aurangabad,K002,2023-01-23,9
Aurangabad,K002,2023-01-24,16
Aurangabad,K002,2023-01-25,11
Aurangabad,K002,2023-01-26,12
Aurangabad,K002,2023-01-27,19
Aurangabad,K002,2023-01-28,15
Aurangabad,K002,2023-01-29,8
Aurangabad,K002,2023-01-30,15
Aurangabad,K003,2023-01-01,22
Aurangabad,K003,2023-01-02,23
Aurangabad,K003,2023-01-03,19
Aurangabad,K003,2023-01-04,21
Aurangabad,K003,2023-01-05,18
Aurangabad,K003,2023-01-06,23
Aurangabad,K003,2023-01-07,22
Aurangabad,K003,2023-01-08,21
Aurangabad,K003,2023-01-09,23
Aurangabad,K003,2023-01-10,21
Aurangabad,K003,2023-01-11,24
Aurangabad,K003,2023-01-12,24
Aurangabad,K003,2023-01-13,19
Aurangabad,K003,2023-01-14,20
Aurangabad,K003,2023-01-15,22
Aurangabad,K003,2023-01-16,24
Aurangabad,K003,2023-01-17,21
Aurangabad,K003,2023-01-18,20
Aurangabad,K003,2023-01-19,20
Aurangabad,K003,2023-01-20,13
Aurangabad,K003,2023-01-21,12
Aurangabad,K003,2023-01-22,15
Aurangabad,K003,2023-01-23,10
Aurangabad,K003,2023-01-24,14
Aurangabad,K003,2023-01-25,13
Aurangabad,K003,2023-01-26,10
Aurangabad,K003,2023-01-27,11
Aurangabad,K003,2023-01-28,8
Aurangabad,K003,2023-01-29,12
Aurangabad,K003,2023-01-30,16
Aurangabad,K004,2023-01-01,20
Aurangabad,K004,2023-01-02,22
Aurangabad,K004,2023-01-03,23
Aurangabad,K004,2023-01-04,20
Aurangabad,K004,2023-01-05,21
Aurangabad,K004,2023-01-06,18
Aurangabad,K004,2023-01-07,18
Aurangabad,K004,2023-01-08,20
Aurangabad,K004,2023-01-09,21
Aurangabad,K004,2023-01-10,21
Aurangabad,K004,2023-01-11,23
Aurangabad,K004,2023-01-12,22
Aurangabad,K004,2023-01-13,22
Aurangabad,K004,2023-01-14,24
Aurangabad,K004,2023-01-15,23
Aurangabad,K004,2023-01-16,21
Aurangabad,K004,2023-01-17,18
Aurangabad,K004,2023-01-18,24
Aurangabad,K004,2023-01-19,18
Aurangabad,K004,2023-01-20,17
Aurangabad,K004,2023-01-21,16
Aurangabad,K004,2023-01-22,13
Aurangabad,K004,2023-01-23,10
Aurangabad,K004,2023-01-24,17
Aurangabad,K004,2023-01-25,11
Aurangabad,K004,2023-01-26,16
Aurangabad,K004,2023-01-27,11
Aurangabad,K004,2023-01-28,13
Aurangabad,K004,2023-01-29,9
Aurangabad,K004,2023-01-30,12
Aurangabad,K005,2023-01-01,32
Aurangabad,K005,2023-01-02,30
Aurangabad,K005,2023-01-03,29
Aurangabad,K005,2023-01-04,25
Aurangabad,K005,2023-01-05,28
Aurangabad,K005,2023-01-06,27
Aurangabad,K005,2023-01-07,27
Aurangabad,K005,2023-01-08,29
Aurangabad,K005,2023-01-09,27
Aurangabad,K005,2023-01-10,30
Aurangabad,K005,2023-01-11,25
Aurangabad,K005,2023-01-12,29
Aurangabad,K005,2023-01-13,30
Aurangabad,K005,2023-01-14,30
Aurangabad,K005,2023-01-15,30
Aurangabad,K005,2023-01-16,29
Aurangabad,K005,2023-01-17,31
Aurangabad,K005,2023-01-18,27
Aurangabad,K005,2023-01-19,24
Aurangabad,K005,2023-01-20,27
Aurangabad,K005,2023-01-21,26
Aurangabad,K005,2023-01-22,29
Aurangabad,K005,2023-01-23,30
Aurangabad,K005,2023-01-24,24
Aurangabad,K005,2023-01-25,24
Aurangabad,K005,2023-01-26,28
Aurangabad,K005,2023-01-27,24
Aurangabad,K005,2023-01-28,31
Aurangabad,K005,2023-01-29,32
Aurangabad,K005,2023-01-30,32
Aurangabad,H001,2023-01-01,68
Aurangabad,H001,2023-01-02,73
Aurangabad,H001,2023-01-03,75
Aurangabad,H001,2023-01-04,71
Aurangabad,H001,2023-01-05,72
Aurangabad,H001,2023-01-06,71
Aurangabad,H001,2023-01-07,77
Aurangabad,H001,2023-01-08,69
Aurangabad,H001,2023-01-09,70
Aurangabad,H001,2023-01-10,71
Aurangabad,H001,2023-01-11,78
Aurangabad,H001,2023-01-12,74
Aurangabad,H001,2023-01-13,72
Aurangabad,H001,2023-01-14,71
Aurangabad,H001,2023-01-15,78
Aurangabad,H001,2023-01-16,75
Aurangabad,H001,2023-01-17,70
Aurangabad,H001,2023-01-18,66
Aurangabad,H001,2023-01-19,69
Aurangabad,H001,2023-01-20,69
Aurangabad,H001,2023-01-21,69
Aurangabad,H001,2023-01-22,78
Aurangabad,H001,2023-01-23,68
Aurangabad,H001,2023-01-24,70
Aurangabad,H001,2023-01-25,73
Aurangabad,H001,2023-01-26,76
Aurangabad,H001,2023-01-27,72
Aurangabad,H001,2023-01-28,72
Aurangabad,H001,2023-01-29,68
Aurangabad,H001,2023-01-30,80
Aurangabad,H002,2023-01-01,78
Aurangabad,H002,2023-01-02,62
Aurangabad,H002,2023-01-03,80
Aurangabad,H002,2023-01-04,86
Aurangabad,H002,2023-01-05,60
Aurangabad,H002,2023-01-06,79
Aurangabad,H002,2023-01-07,74
Aurangabad,H002,2023-01-08,86
Aurangabad,H002,2023-01-09,80
Aurangabad,H002,2023-01-10,63
Aurangabad,H002,2023-01-11,85
Aurangabad,H002,2023-01-12,82
Aurangabad,H002,2023-01-13,84
Aurangabad,H002,2023-01-14,83
Aurangabad,H002,2023-01-15,89
Aurangabad,H002,2023-01-16,63
Aurangabad,H002,2023-01-17,60
Aurangabad,H002,2023-01-18,87
Aurangabad,H002,2023-01-19,66
Aurangabad,H002,2023-01-20,59
Aurangabad,H002,2023-01-21,52
Aurangabad,H002,2023-01-22,56
Aurangabad,H002,2023-01-23,51
Aurangabad,H002,2023-01-24,50
Aurangabad,H002,2023-01-25,55
Aurangabad,H002,2023-01-26,58
Aurangabad,H002,2023-01-27,55
Aurangabad,H002,2023-01-28,57
Aurangabad,H002,2023-01-29,50
Aurangabad,H002,2023-01-30,55
Aurangabad,H003,2023-01-01,72
Aurangabad,H003,2023-01-02,67
Aurangabad,H003,2023-01-03,77
Aurangabad,H003,2023-01-04,75
Aurangabad,H003,2023-01-05,70
Aurangabad,H003,2023-01-06,82
Aurangabad,H003,2023-01-07,81
Aurangabad,H003,2023-01-08,73
Aurangabad,H003,2023-01-09,75
Aurangabad,H003,2023-01-10,65
Aurangabad,H003,2023-01-11,76
Aurangabad,H003,2023-01-12,74
Aurangabad,H003,2023-01-13,79
Aurangabad,H003,2023-01-14,88
Aurangabad,H003,2023-01-15,69
Aurangabad,H003,2023-01-16,74
Aurangabad,H003,2023-01-17,60
Aurangabad,H003,2023-01-18,67
Aurangabad,H003,2023-01-19,85
Aurangabad,H003,2023-01-20,47
Aurangabad,H003,2023-01-21,51
Aurangabad,H003,2023-01-22,51
Aurangabad,H003,2023-01-23,52
Aurangabad,H003,2023-01-24,56
Aurangabad,H003,2023-01-25,52
Aurangabad,H003,2023-01-26,53
Aurangabad,H003,2023-01-27,52
Aurangabad,H003,2023-01-28,54
Aurangabad,H003,2023-01-29,51
Aurangabad,H003,2023-01-30,57
Aurangabad,H004,2023-01-01,88
Aurangabad,H004,2023-01-02,85
Aurangabad,H004,2023-01-03,58
Aurangabad,H004,2023-01-04,61
Aurangabad,H004,2023-01-05,91
Aurangabad,H004,2023-01-06,68
Aurangabad,H004,2023-01-07,87
Aurangabad,H004,2023-01-08,60
Aurangabad,H004,2023-01-09,84
Aurangabad,H004,2023-01-10,57
Aurangabad,H004,2023-01-11,88
Aurangabad,H004,2023-01-12,63
Aurangabad,H004,2023-01-13,75
Aurangabad,H004,2023-01-14,91
Aurangabad,H004,2023-01-15,57
Aurangabad,H004,2023-01-16,89
Aurangabad,H004,2023-01-17,76
Aurangabad,H004,2023-01-18,70
Aurangabad,H004,2023-01-19,80
Aurangabad,H004,2023-01-20,56
Aurangabad,H004,2023-01-21,58
Aurangabad,H004,2023-01-22,54
Aurangabad,H004,2023-01-23,51
Aurangabad,H004,2023-01-24,56
Aurangabad,H004,2023-01-25,52
Aurangabad,H004,2023-01-26,49
Aurangabad,H004,2023-01-27,57
Aurangabad,H004,2023-01-28,57
Aurangabad,H004,2023-01-29,53
Aurangabad,H004,2023-01-30,53
Aurangabad,H005,2023-01-01,70
Aurangabad,H005,2023-01-02,62
Aurangabad,H005,2023-01-03,65
Aurangabad,H005,2023-01-04,77
Aurangabad,H005,2023-01-05,77
Aurangabad,H005,2023-01-06,84
Aurangabad,H005,2023-01-07,76
Aurangabad,H005,2023-01-08,82
Aurangabad,H005,2023-01-09,84
Aurangabad,H005,2023-01-10,91
Aurangabad,H005,2023-01-11,83
Aurangabad,H005,2023-01-12,74
Aurangabad,H005,2023-01-13,78
Aurangabad,H005,2023-01-14,79
Aurangabad,H005,2023-01-15,76
Aurangabad,H005,2023-01-16,78
Aurangabad,H005,2023-01-17,76
Aurangabad,H005,2023-01-18,76
Aurangabad,H005,2023-01-19,60
Aurangabad,H005,2023-01-20,51
Aurangabad,H005,2023-01-21,48
Aurangabad,H005,2023-01-22,57
Aurangabad,H005,2023-01-23,49
Aurangabad,H005,2023-01-24,55
Aurangabad,H005,2023-01-25,52
Aurangabad,H005,2023-01-26,51
Aurangabad,H005,2023-01-27,53
Aurangabad,H005,2023-01-28,49
Aurangabad,H005,2023-01-29,56
Aurangabad,H005,2023-01-30,50
Aurangabad,P001,2023-01-01,44
Aurangabad,P001,2023-01-02,47
Aurangabad,P001,2023-01-03,44
Aurangabad,P001,2023-01-04,45
Aurangabad,P001,2023-01-05,46
Aurangabad,P001,2023-01-06,56
Aurangabad,P001,2023-01-07,41
Aurangabad,P001,2023-01-08,51
Aurangabad,P001,2023-01-09,44
Aurangabad,P001,2023-01-10,59
Aurangabad,P001,2023-01-11,48
Aurangabad,P001,2023-01-12,49
Aurangabad,P001,2023-01-13,40
Aurangabad,P001,2023-01-14,41
Aurangabad,P001,2023-01-15,45
Aurangabad,P001,2023-01-16,53
Aurangabad,P001,2023-01-17,43
Aurangabad,P001,2023-01-18,46
Aurangabad,P001,2023-01-19,43
Aurangabad,P001,2023-01-20,46
Aurangabad,P001,2023-01-21,52
Aurangabad,P001,2023-01-22,39
Aurangabad,P001,2023-01-23,48
Aurangabad,P001,2023-01-24,45
Aurangabad,P001,2023-01-25,50
Aurangabad,P001,2023-01-26,49
Aurangabad,P001,2023-01-27,45
Aurangabad,P001,2023-01-28,40
Aurangabad,P001,2023-01-29,37
Aurangabad,P001,2023-01-30,57
Aurangabad,P002,2023-01-01,44
Aurangabad,P002,2023-01-02,47
Aurangabad,P002,2023-01-03,38
Aurangabad,P002,2023-01-04,53
Aurangabad,P002,2023-01-05,55
Aurangabad,P002,2023-01-06,51
Aurangabad,P002,2023-01-07,57
Aurangabad,P002,2023-01-08,47
Aurangabad,P002,2023-01-09,52
Aurangabad,P002,2023-01-10,52
Aurangabad,P002,2023-01-11,44
Aurangabad,P002,2023-01-12,43
Aurangabad,P002,2023-01-13,47
Aurangabad,P002,2023-01-14,41
Aurangabad,P002,2023-01-15,41
Aurangabad,P002,2023-01-16,41
Aurangabad,P002,2023-01-17,51
Aurangabad,P002,2023-01-18,57
Aurangabad,P002,2023-01-19,55
Aurangabad,P002,2023-01-20,50
Aurangabad,P002,2023-01-21,46
Aurangabad,P002,2023-01-22,53
Aurangabad,P002,2023-01-23,41
Aurangabad,P002,2023-01-24,48
Aurangabad,P002,2023-01-25,52
Aurangabad,P002,2023-01-26,50
Aurangabad,P002,2023-01-27,55
Aurangabad,P002,2023-01-28,41
Aurangabad,P002,2023-01-29,42
Aurangabad,P002,2023-01-30,50
Aurangabad,P003,2023-01-01,41
Aurangabad,P003,2023-01-02,50
Aurangabad,P003,2023-01-03,57
Aurangabad,P003,2023-01-04,44
Aurangabad,P003,2023-01-05,44
Aurangabad,P003,2023-01-06,43
Aurangabad,P003,2023-01-07,54
Aurangabad,P003,2023-01-08,55
Aurangabad,P003,2023-01-09,39
Aurangabad,P003,2023-01-10,54
Aurangabad,P003,2023-01-11,55
Aurangabad,P003,2023-01-12,57
Aurangabad,P003,2023-01-13,38
Aurangabad,P003,2023-01-14,55
Aurangabad,P003,2023-01-15,58
Aurangabad,P003,2023-01-16,50
Aurangabad,P003,2023-01-17,54
Aurangabad,P003,2023-01-18,50
Aurangabad,P003,2023-01-19,51
Aurangabad,P003,2023-01-20,45
Aurangabad,P003,2023-01-21,41
Aurangabad,P003,2023-01-22,42
Aurangabad,P003,2023-01-23,48
Aurangabad,P003,2023-01-24,55
Aurangabad,P003,2023-01-25,38
Aurangabad,P003,2023-01-26,51
Aurangabad,P003,2023-01-27,40
Aurangabad,P003,2023-01-28,47
Aurangabad,P003,2023-01-29,45
Aurangabad,P003,2023-01-30,47
Aurangabad,P004,2023-01-01,53
Aurangabad,P004,2023-01-02,55
Aurangabad,P004,2023-01-03,44
Aurangabad,P004,2023-01-04,54
Aurangabad,P004,2023-01-05,56
Aurangabad,P004,2023-01-06,55
Aurangabad,P004,2023-01-07,48
Aurangabad,P004,2023-01-08,53
Aurangabad,P004,2023-01-09,56
Aurangabad,P004,2023-01-10,50
Aurangabad,P004,2023-01-11,55
Aurangabad,P004,2023-01-12,45
Aurangabad,P004,2023-01-13,55
Aurangabad,P004,2023-01-14,53
Aurangabad,P004,2023-01-15,42
Aurangabad,P004,2023-01-16,55
Aurangabad,P004,2023-01-17,43
Aurangabad,P004,2023-01-18,38
Aurangabad,P004,2023-01-19,55
Aurangabad,P004,2023-01-20,45
Aurangabad,P004,2023-01-21,46
Aurangabad,P004,2023-01-22,53
Aurangabad,P004,2023-01-23,52
Aurangabad,P004,2023-01-24,48
Aurangabad,P004,2023-01-25,43
Aurangabad,P004,2023-01-26,47
Aurangabad,P004,2023-01-27,39
Aurangabad,P004,2023-01-28,39
Aurangabad,P004,2023-01-29,59
Aurangabad,P004,2023-01-30,48
Aurangabad,P005,2023-01-01,52
Aurangabad,P005,2023-01-02,51
Aurangabad,P005,2023-01-03,59
Aurangabad,P005,2023-01-04,43
Aurangabad,P005,2023-01-05,58
Aurangabad,P005,2023-01-06,44
Aurangabad,P005,2023-01-07,50
Aurangabad,P005,2023-01-08,58
Aurangabad,P005,2023-01-09,41
Aurangabad,P005,2023-01-10,42
Aurangabad,P005,2023-01-11,39
Aurangabad,P005,2023-01-12,53
Aurangabad,P005,2023-01-13,42
Aurangabad,P005,2023-01-14,58
Aurangabad,P005,2023-01-15,41
Aurangabad,P005,2023-01-16,56
Aurangabad,P005,2023-01-17,41
Aurangabad,P005,2023-01-18,48
Aurangabad,P005,2023-01-19,51
Aurangabad,P005,2023-01-20,51
Aurangabad,P005,2023-01-21,46
Aurangabad,P005,2023-01-22,39
Aurangabad,P005,2023-01-23,45
Aurangabad,P005,2023-01-24,44
Aurangabad,P005,2023-01-25,51
Aurangabad,P005,2023-01-26,55
Aurangabad,P005,2023-01-27,41
Aurangabad,P005,2023-01-28,56
Aurangabad,P005,2023-01-29,45
Aurangabad,P005,2023-01-30,51
Aurangabad,G001,2023-01-01,38
Aurangabad,G001,2023-01-02,56
Aurangabad,G001,2023-01-03,41
Aurangabad,G001,2023-01-04,48
Aurangabad,G001,2023-01-05,57
Aurangabad,G001,2023-01-06,50
Aurangabad,G001,2023-01-07,43
Aurangabad,G001,2023-01-08,51
Aurangabad,G001,2023-01-09,37
Aurangabad,G001,2023-01-10,49
Aurangabad,G001,2023-01-11,40
Aurangabad,G001,2023-01-12,57
Aurangabad,G001,2023-01-13,47
Aurangabad,G001,2023-01-14,40
Aurangabad,G001,2023-01-15,53
Aurangabad,G001,2023-01-16,42
Aurangabad,G001,2023-01-17,55
Aurangabad,G001,2023-01-18,49
Aurangabad,G001,2023-01-19,49
Aurangabad,G001,2023-01-20,50
Aurangabad,G001,2023-01-21,39
Aurangabad,G001,2023-01-22,48
Aurangabad,G001,2023-01-23,52
Aurangabad,G001,2023-01-24,51
Aurangabad,G001,2023-01-25,44
Aurangabad,G001,2023-01-26,56
Aurangabad,G001,2023-01-27,56
Aurangabad,G001,2023-01-28,43
Aurangabad,G001,2023-01-29,42
Aurangabad,G001,2023-01-30,40
Aurangabad,G002,2023-01-01,42
Aurangabad,G002,2023-01-02,49
Aurangabad,G002,2023-01-03,44
Aurangabad,G002,2023-01-04,40
Aurangabad,G002,2023-01-05,34
Aurangabad,G002,2023-01-06,38
Aurangabad,G002,2023-01-07,44
Aurangabad,G002,2023-01-08,48
Aurangabad,G002,2023-01-09,34
Aurangabad,G002,2023-01-10,41
Aurangabad,G002,2023-01-11,41
Aurangabad,G002,2023-01-12,50
Aurangabad,G002,2023-01-13,34
Aurangabad,G002,2023-01-14,43
Aurangabad,G002,2023-01-15,37
Aurangabad,G002,2023-01-16,41
Aurangabad,G002,2023-01-17,43
Aurangabad,G002,2023-01-18,37
Aurangabad,G002,2023-01-19,46
Aurangabad,G002,2023-01-20,42
Aurangabad,G002,2023-01-21,40
Aurangabad,G002,2023-01-22,49
Aurangabad,G002,2023-01-23,38
Aurangabad,G002,2023-01-24,34
Aurangabad,G002,2023-01-25,37
Aurangabad,G002,2023-01-26,42
Aurangabad,G002,2023-01-27,41
Aurangabad,G002,2023-01-28,38
Aurangabad,G002,2023-01-29,40
Aurangabad,G002,2023-01-30,37
Aurangabad,G003,2023-01-01,45
Aurangabad,G003,2023-01-02,41
Aurangabad,G003,2023-01-03,34
Aurangabad,G003,2023-01-04,38
Aurangabad,G003,2023-01-05,40
Aurangabad,G003,2023-01-06,42
Aurangabad,G003,2023-01-07,46
Aurangabad,G003,2023-01-08,31
Aurangabad,G003,2023-01-09,37
Aurangabad,G003,2023-01-10,31
Aurangabad,G003,2023-01-11,40
Aurangabad,G003,2023-01-12,36
Aurangabad,G003,2023-01-13,45
Aurangabad,G003,2023-01-14,39
Aurangabad,G003,2023-01-15,37
Aurangabad,G003,2023-01-16,34
Aurangabad,G003,2023-01-17,46
Aurangabad,G003,2023-01-18,39
Aurangabad,G003,2023-01-19,44
Aurangabad,G003,2023-01-20,35
Aurangabad,G003,2023-01-21,46
Aurangabad,G003,2023-01-22,37
Aurangabad,G003,2023-01-23,40
Aurangabad,G003,2023-01-24,35
Aurangabad,G003,2023-01-25,35
Aurangabad,G003,2023-01-26,40
Aurangabad,G003,2023-01-27,41
Aurangabad,G003,2023-01-28,33
Aurangabad,G003,2023-01-29,42
Aurangabad,G003,2023-01-30,36
Aurangabad,G004,2023-01-01,43
Aurangabad,G004,2023-01-02,47
Aurangabad,G004,2023-01-03,42
Aurangabad,G004,2023-01-04,41
Aurangabad,G004,2023-01-05,44
Aurangabad,G004,2023-01-06,39
Aurangabad,G004,2023-01-07,39
Aurangabad,G004,2023-01-08,38
Aurangabad,G004,2023-01-09,35
Aurangabad,G004,2023-01-10,40
Aurangabad,G004,2023-01-11,47
Aurangabad,G004,2023-01-12,47
Aurangabad,G004,2023-01-13,44
Aurangabad,G004,2023-01-14,33
Aurangabad,G004,2023-01-15,33
Aurangabad,G004,2023-01-16,41
Aurangabad,G004,2023-01-17,36
Aurangabad,G004,2023-01-18,40
Aurangabad,G004,2023-01-19,43
Aurangabad,G004,2023-01-20,44
Aurangabad,G004,2023-01-21,42
Aurangabad,G004,2023-01-22,34
Aurangabad,G004,2023-01-23,31
Aurangabad,G004,2023-01-24,38
Aurangabad,G004,2023-01-25,39
Aurangabad,G004,2023-01-26,38
Aurangabad,G004,2023-01-27,40
Aurangabad,G004,2023-01-28,43
Aurangabad,G004,2023-01-29,33
Aurangabad,G004,2023-01-30,43
Aurangabad,G005,2023-01-01,44
Aurangabad,G005,2023-01-02,34
Aurangabad,G005,2023-01-03,41
Aurangabad,G005,2023-01-04,36
Aurangabad,G005,2023-01-05,35
Aurangabad,G005,2023-01-06,45
Aurangabad,G005,2023-01-07,40
Aurangabad,G005,2023-01-08,45
Aurangabad,G005,2023-01-09,42
Aurangabad,G005,2023-01-10,47
Aurangabad,G005,2023-01-11,36
Aurangabad,G005,2023-01-12,46
Aurangabad,G005,2023-01-13,32
Aurangabad,G005,2023-01-14,41
Aurangabad,G005,2023-01-15,46
Aurangabad,G005,2023-01-16,39
Aurangabad,G005,2023-01-17,41
Aurangabad,G005,2023-01-18,33
Aurangabad,G005,2023-01-19,40
Aurangabad,G005,2023-01-20,41
Aurangabad,G005,2023-01-21,33
Aurangabad,G005,2023-01-22,48
Aurangabad,G005,2023-01-23,39
Aurangabad,G005,2023-01-24,35
Aurangabad,G005,2023-01-25,38
Aurangabad,G005,2023-01-26,38
Aurangabad,G005,2023-01-27,41
Aurangabad,G005,2023-01-28,38
Aurangabad,G005,2023-01-29,35
Aurangabad,G005,2023-01-30,39
Nashik,F001,2023-01-01,53
Nashik,F001,2023-01-02,55
Nashik,F001,2023-01-03,50
Nashik,F001,2023-01-04,52
Nashik,F001,2023-01-05,50
Nashik,F001,2023-01-06,43
Nashik,F001,2023-01-07,51
Nashik,F001,2023-01-08,45
Nashik,F001,2023-01-09,56
Nashik,F001,2023-01-10,46
Nashik,F001,2023-01-11,43
Nashik,F001,2023-01-12,57
Nashik,F001,2023-01-13,59
Nashik,F001,2023-01-14,44
Nashik,F001,2023-01-15,54
Nashik,F001,2023-01-16,47
Nashik,F001,2023-01-17,49
Nashik,F001,2023-01-18,57
Nashik,F001,2023-01-19,55
Nashik,F001,2023-01-20,50
Nashik,F001,2023-01-21,41
Nashik,F001,2023-01-22,54
Nashik,F001,2023-01-23,47
Nashik,F001,2023-01-24,45
Nashik,F001,2023-01-25,57
Nashik,F001,2023-01-26,50
Nashik,F001,2023-01-27,56
Nashik,F001,2023-01-28,50
Nashik,F001,2023-01-29,51
Nashik,F001,2023-01-30,53
Nashik,F002,2023-01-01,58
Nashik,F002,2023-01-02,44
Nashik,F002,2023-01-03,55
Nashik,F002,2023-01-04,56
Nashik,F002,2023-01-05,57
Nashik,F002,2023-01-06,54
Nashik,F002,2023-01-07,44
Nashik,F002,2023-01-08,58
Nashik,F002,2023-01-09,45
Nashik,F002,2023-01-10,55
Nashik,F002,2023-01-11,56
Nashik,F002,2023-01-12,54
Nashik,F002,2023-01-13,57
Nashik,F002,2023-01-14,49
Nashik,F002,2023-01-15,58
Nashik,F002,2023-01-16,50
Nashik,F002,2023-01-17,55
Nashik,F002,2023-01-18,57
Nashik,F002,2023-01-19,54
Nashik,F002,2023-01-20,55
Nashik,F002,2023-01-21,49
Nashik,F002,2023-01-22,42
Nashik,F002,2023-01-23,53
Nashik,F002,2023-01-24,47
Nashik,F002,2023-01-25,47
Nashik,F002,2023-01-26,52
Nashik,F002,2023-01-27,53
Nashik,F002,2023-01-28,55
Nashik,F002,2023-01-29,52
Nashik,F002,2023-01-30,51
Nashik,F003,2023-01-01,54
Nashik,F003,2023-01-02,54
Nashik,F003,2023-01-03,47
Nashik,F003,2023-01-04,47
Nashik,F003,2023-01-05,59
Nashik,F003,2023-01-06,58
Nashik,F003,2023-01-07,53
Nashik,F003,2023-01-08,59
Nashik,F003,2023-01-09,47
Nashik,F003,2023-01-10,50
Nashik,F003,2023-01-11,53
Nashik,F003,2023-01-12,51
Nashik,F003,2023-01-13,54
Nashik,F003,2023-01-14,48
Nashik,F003,2023-01-15,45
Nashik,F003,2023-01-16,53
Nashik,F003,2023-01-17,50
Nashik,F003,2023-01-18,49
Nashik,F003,2023-01-19,48
Nashik,F003,2023-01-20,49
Nashik,F003,2023-01-21,54
Nashik,F003,2023-01-22,60
Nashik,F003,2023-01-23,53
Nashik,F003,2023-01-24,49
Nashik,F003,2023-01-25,44
Nashik,F003,2023-01-26,55
Nashik,F003,2023-01-27,47
Nashik,F003,2023-01-28,46
Nashik,F003,2023-01-29,50
Nashik,F003,2023-01-30,44
Nashik,F004,2023-01-01,54
Nashik,F004,2023-01-02,53
Nashik,F004,2023-01-03,52
Nashik,F004,2023-01-04,55
Nashik,F004,2023-01-05,51
Nashik,F004,2023-01-06,44
Nashik,F004,2023-01-07,45
Nashik,F004,2023-01-08,43
Nashik,F004,2023-01-09,53
Nashik,F004,2023-01-10,43
Nashik,F004,2023-01-11,58
Nashik,F004,2023-01-12,57
Nashik,F004,2023-01-13,54
Nashik,F004,2023-01-14,58
Nashik,F004,2023-01-15,53
Nashik,F004,2023-01-16,50
Nashik,F004,2023-01-17,55
Nashik,F004,2023-01-18,57
Nashik,F004,2023-01-19,44
Nashik,F004,2023-01-20,59
Nashik,F004,2023-01-21,49
Nashik,F004,2023-01-22,60
Nashik,F004,2023-01-23,55
Nashik,F004,2023-01-24,51
Nashik,F004,2023-01-25,51
Nashik,F004,2023-01-26,42
Nashik,F004,2023-01-27,48
Nashik,F004,2023-01-28,50
Nashik,F004,2023-01-29,49
Nashik,F004,2023-01-30,51
Nashik,F005,2023-01-01,42
Nashik,F005,2023-01-02,45
Nashik,F005,2023-01-03,51
Nashik,F005,2023-01-04,45
Nashik,F005,2023-01-05,46
Nashik,F005,2023-01-06,42
Nashik,F005,2023-01-07,47
Nashik,F005,2023-01-08,47
Nashik,F005,2023-01-09,52
Nashik,F005,2023-01-10,47
Nashik,F005,2023-01-11,50
Nashik,F005,2023-01-12,55
Nashik,F005,2023-01-13,52
Nashik,F005,2023-01-14,48
Nashik,F005,2023-01-15,46
Nashik,F005,2023-01-16,57
Nashik,F005,2023-01-17,60
Nashik,F005,2023-01-18,52
Nashik,F005,2023-01-19,56
Nashik,F005,2023-01-20,55
Nashik,F005,2023-01-21,52
Nashik,F005,2023-01-22,44
Nashik,F005,2023-01-23,56
Nashik,F005,2023-01-24,43
Nashik,F005,2023-01-25,50
Nashik,F005,2023-01-26,53
Nashik,F005,2023-01-27,46
Nashik,F005,2023-01-28,54
Nashik,F005,2023-01-29,47
Nashik,F005,2023-01-30,43
Nashik,M001,2023-01-01,19
Nashik,M001,2023-01-02,23
Nashik,M001,2023-01-03,21
Nashik,M001,2023-01-04,20
Nashik,M001,2023-01-05,23
Nashik,M001,2023-01-06,20
Nashik,M001,2023-01-07,27
Nashik,M001,2023-01-08,24
Nashik,M001,2023-01-09,19
Nashik,M001,2023-01-10,19
Nashik,M001,2023-01-11,21
Nashik,M001,2023-01-12,18
Nashik,M001,2023-01-13,26
Nashik,M001,2023-01-14,23
Nashik,M001,2023-01-15,20
Nashik,M001,2023-01-16,16
Nashik,M001,2023-01-17,24
Nashik,M001,2023-01-18,19
Nashik,M001,2023-01-19,17
Nashik,M001,2023-01-20,24
Nashik,M001,2023-01-21,27
Nashik,M001,2023-01-22,24
Nashik,M001,2023-01-23,25
Nashik,M001,2023-01-24,22
Nashik,M001,2023-01-25,27
Nashik,M001,2023-01-26,27
Nashik,M001,2023-01-27,21
Nashik,M001,2023-01-28,20
Nashik,M001,2023-01-29,19
Nashik,M001,2023-01-30,22
Nashik,M002,2023-01-01,25
Nashik,M002,2023-01-02,22
Nashik,M002,2023-01-03,24
Nashik,M002,2023-01-04,22
Nashik,M002,2023-01-05,16
Nashik,M002,2023-01-06,24
Nashik,M002,2023-01-07,20
Nashik,M002,2023-01-08,18
Nashik,M002,2023-01-09,24
Nashik,M002,2023-01-10,21
Nashik,M002,2023-01-11,24
Nashik,M002,2023-01-12,16
Nashik,M002,2023-01-13,17
Nashik,M002,2023-01-14,18
Nashik,M002,2023-01-15,23
Nashik,M002,2023-01-16,19
Nashik,M002,2023-01-17,18
Nashik,M002,2023-01-18,19
Nashik,M002,2023-01-19,21
Nashik,M002,2023-01-20,23
Nashik,M002,2023-01-21,21
Nashik,M002,2023-01-22,21
Nashik,M002,2023-01-23,20
Nashik,M002,2023-01-24,18
Nashik,M002,2023-01-25,18
Nashik,M002,2023-01-26,20
Nashik,M002,2023-01-27,26
Nashik,M002,2023-01-28,21
Nashik,M002,2023-01-29,27
Nashik,M002,2023-01-30,20
Nashik,M003,2023-01-01,23
Nashik,M003,2023-01-02,26
Nashik,M003,2023-01-03,17
Nashik,M003,2023-01-04,23
Nashik,M003,2023-01-05,17
Nashik,M003,2023-01-06,28
Nashik,M003,2023-01-07,17
Nashik,M003,2023-01-08,22
Nashik,M003,2023-01-09,26
Nashik,M003,2023-01-10,20
Nashik,M003,2023-01-11,24
Nashik,M003,2023-01-12,19
Nashik,M003,2023-01-13,18
Nashik,M003,2023-01-14,23
Nashik,M003,2023-01-15,20
Nashik,M003,2023-01-16,19
Nashik,M003,2023-01-17,27
Nashik,M003,2023-01-18,19
Nashik,M003,2023-01-19,18
Nashik,M003,2023-01-20,19
Nashik,M003,2023-01-21,19
Nashik,M003,2023-01-22,19
Nashik,M003,2023-01-23,23
Nashik,M003,2023-01-24,23
Nashik,M003,2023-01-25,22
Nashik,M003,2023-01-26,20
Nashik,M003,2023-01-27,20
Nashik,M003,2023-01-28,20
Nashik,M003,2023-01-29,23
Nashik,M003,2023-01-30,23
Nashik,M004,2023-01-01,22
Nashik,M004,2023-01-02,22
Nashik,M004,2023-01-03,19
Nashik,M004,2023-01-04,19
Nashik,M004,2023-01-05,17
Nashik,M004,2023-01-06,20
Nashik,M004,2023-01-07,22
Nashik,M004,2023-01-08,19
Nashik,M004,2023-01-09,25
Nashik,M004,2023-01-10,18
Nashik,M004,2023-01-11,21
Nashik,M004,2023-01-12,19
Nashik,M004,2023-01-13,18
Nashik,M004,2023-01-14,27
Nashik,M004,2023-01-15,18
Nashik,M004,2023-01-16,22
Nashik,M004,2023-01-17,19
Nashik,M004,2023-01-18,20
Nashik,M004,2023-01-19,27
Nashik,M004,2023-01-20,19
Nashik,M004,2023-01-21,20
Nashik,M004,2023-01-22,25
Nashik,M004,2023-01-23,19
Nashik,M004,2023-01-24,20
Nashik,M004,2023-01-25,27
Nashik,M004,2023-01-26,26
Nashik,M004,2023-01-27,22
Nashik,M004,2023-01-28,18
Nashik,M004,2023-01-29,23
Nashik,M004,2023-01-30,20
Nashik,M005,2023-01-01,22
Nashik,M005,2023-01-02,24
Nashik,M005,2023-01-03,19
Nashik,M005,2023-01-04,26
Nashik,M005,2023-01-05,20
Nashik,M005,2023-01-06,27
Nashik,M005,2023-01-07,18
Nashik,M005,2023-01-08,22
Nashik,M005,2023-01-09,21
Nashik,M005,2023-01-10,17
Nashik,M005,2023-01-11,25
Nashik,M005,2023-01-12,24
Nashik,M005,2023-01-13,19
Nashik,M005,2023-01-14,20
Nashik,M005,2023-01-15,26
Nashik,M005,2023-01-16,23
Nashik,M005,2023-01-17,26
Nashik,M005,2023-01-18,23
Nashik,M005,2023-01-19,25
Nashik,M005,2023-01-20,19
Nashik,M005,2023-01-21,24
Nashik,M005,2023-01-22,18
Nashik,M005,2023-01-23,19
Nashik,M005,2023-01-24,24
Nashik,M005,2023-01-25,19
Nashik,M005,2023-01-26,22
Nashik,M005,2023-01-27,20
Nashik,M005,2023-01-28,21
Nashik,M005,2023-01-29,17
Nashik,M005,2023-01-30,18
Nashik,B001,2023-01-01,24
Nashik,B001,2023-01-02,29
Nashik,B001,2023-01-03,30
Nashik,B001,2023-01-04,33
Nashik,B001,2023-01-05,30
Nashik,B001,2023-01-06,26
Nashik,B001,2023-01-07,36
Nashik,B001,2023-01-08,30
Nashik,B001,2023-01-09,33
Nashik,B001,2023-01-10,27
Nashik,B001,2023-01-11,31
Nashik,B001,2023-01-12,37
Nashik,B001,2023-01-13,29
Nashik,B001,2023-01-14,31
Nashik,B001,2023-01-15,24
Nashik,B001,2023-01-16,34
Nashik,B001,2023-01-17,32
Nashik,B001,2023-01-18,33
Nashik,B001,2023-01-19,33
Nashik,B001,2023-01-20,30
Nashik,B001,2023-01-21,30
Nashik,B001,2023-01-22,24
Nashik,B001,2023-01-23,28
Nashik,B001,2023-01-24,30
Nashik,B001,2023-01-25,25
Nashik,B001,2023-01-26,24
Nashik,B001,2023-01-27,26
Nashik,B001,2023-01-28,40
Nashik,B001,2023-01-29,30
Nashik,B001,2023-01-30,25
Nashik,B002,2023-01-01,22
Nashik,B002,2023-01-02,24
Nashik,B002,2023-01-03,27
Nashik,B002,2023-01-04,25
Nashik,B002,2023-01-05,24
Nashik,B002,2023-01-06,26
Nashik,B002,2023-01-07,26
Nashik,B002,2023-01-08,37
Nashik,B002,2023-01-09,30
Nashik,B002,2023-01-10,38
Nashik,B002,2023-01-11,36
Nashik,B002,2023-01-12,34
Nashik,B002,2023-01-13,28
Nashik,B002,2023-01-14,26
Nashik,B002,2023-01-15,28
Nashik,B002,2023-01-16,28
Nashik,B002,2023-01-17,24
Nashik,B002,2023-01-18,31
Nashik,B002,2023-01-19,36
Nashik,B002,2023-01-20,22
Nashik,B002,2023-01-21,21
Nashik,B002,2023-01-22,31
Nashik,B002,2023-01-23,29
Nashik,B002,2023-01-24,32
Nashik,B002,2023-01-25,30
Nashik,B002,2023-01-26,24
Nashik,B002,2023-01-27,36
Nashik,B002,2023-01-28,32
Nashik,B002,2023-01-29,36
Nashik,B002,2023-01-30,31
Nashik,B003,2023-01-01,21
Nashik,B003,2023-01-02,33
Nashik,B003,2023-01-03,33
Nashik,B003,2023-01-04,35
Nashik,B003,2023-01-05,30
Nashik,B003,2023-01-06,40
Nashik,B003,2023-01-07,28
Nashik,B003,2023-01-08,36
Nashik,B003,2023-01-09,24
Nashik,B003,2023-01-10,31
Nashik,B003,2023-01-11,27
Nashik,B003,2023-01-12,30
Nashik,B003,2023-01-13,39
Nashik,B003,2023-01-14,25
Nashik,B003,2023-01-15,25
Nashik,B003,2023-01-16,30
Nashik,B003,2023-01-17,30
Nashik,B003,2023-01-18,24
Nashik,B003,2023-01-19,30
Nashik,B003,2023-01-20,25
Nashik,B003,2023-01-21,22
Nashik,B003,2023-01-22,31
Nashik,B003,2023-01-23,36
Nashik,B003,2023-01-24,39
Nashik,B003,2023-01-25,39
Nashik,B003,2023-01-26,23
Nashik,B003,2023-01-27,25
Nashik,B003,2023-01-28,32
Nashik,B003,2023-01-29,38
Nashik,B003,2023-01-30,28
Nashik,B004,2023-01-01,16
Nashik,B004,2023-01-02,36
Nashik,B004,2023-01-03,27
Nashik,B004,2023-01-04,37
Nashik,B004,2023-01-05,31
Nashik,B004,2023-01-06,27
Nashik,B004,2023-01-07,34
Nashik,B004,2023-01-08,27
Nashik,B004,2023-01-09,28
Nashik,B004,2023-01-10,28
Nashik,B004,2023-01-11,31
Nashik,B004,2023-01-12,23
Nashik,B004,2023-01-13,23
Nashik,B004,2023-01-14,22
Nashik,B004,2023-01-15,30
Nashik,B004,2023-01-16,22
Nashik,B004,2023-01-17,28
Nashik,B004,2023-01-18,25
Nashik,B004,2023-01-19,25
Nashik,B004,2023-01-20,34
Nashik,B004,2023-01-21,35
Nashik,B004,2023-01-22,31
Nashik,B004,2023-01-23,32
Nashik,B004,2023-01-24,26
Nashik,B004,2023-01-25,33
Nashik,B004,2023-01-26,32
Nashik,B004,2023-01-27,34
Nashik,B004,2023-01-28,22
Nashik,B004,2023-01-29,30
Nashik,B004,2023-01-30,29
Nashik,B005,2023-01-01,42
Nashik,B005,2023-01-02,50
Nashik,B005,2023-01-03,41
Nashik,B005,2023-01-04,45
Nashik,B005,2023-01-05,46
Nashik,B005,2023-01-06,47
Nashik,B005,2023-01-07,49
Nashik,B005,2023-01-08,41
Nashik,B005,2023-01-09,44
Nashik,B005,2023-01-10,40
Nashik,B005,2023-01-11,40
Nashik,B005,2023-01-12,53
Nashik,B005,2023-01-13,45
Nashik,B005,2023-01-14,47
Nashik,B005,2023-01-15,46
Nashik,B005,2023-01-16,42
Nashik,B005,2023-01-17,41
Nashik,B005,2023-01-18,47
Nashik,B005,2023-01-19,37
Nashik,B005,2023-01-20,48
Nashik,B005,2023-01-21,46
Nashik,B005,2023-01-22,46
Nashik,B005,2023-01-23,41
Nashik,B005,2023-01-24,37
Nashik,B005,2023-01-25,40
Nashik,B005,2023-01-26,40
Nashik,B005,2023-01-27,48
Nashik,B005,2023-01-28,38
Nashik,B005,2023-01-29,48
Nashik,B005,2023-01-30,42
Nashik,V001,2023-01-01,37
Nashik,V001,2023-01-02,42
Nashik,V001,2023-01-03,49
Nashik,V001,2023-01-04,45
Nashik,V001,2023-01-05,42
Nashik,V001,2023-01-06,49
Nashik,V001,2023-01-07,46
Nashik,V001,2023-01-08,49
Nashik,V001,2023-01-09,46
Nashik,V001,2023-01-10,46
Nashik,V001,2023-01-11,45
Nashik,V001,2023-01-12,38
Nashik,V001,2023-01-13,43
Nashik,V001,2023-01-14,47
Nashik,V001,2023-01-15,44
Nashik,V001,2023-01-16,50
Nashik,V001,2023-01-17,42
Nashik,V001,2023-01-18,36
Nashik,V001,2023-01-19,52
Nashik,V001,2023-01-20,48
Nashik,V001,2023-01-21,40
Nashik,V001,2023-01-22,40
Nashik,V001,2023-01-23,49
Nashik,V001,2023-01-24,48
Nashik,V001,2023-01-25,43
Nashik,V001,2023-01-26,38
Nashik,V001,2023-01-27,36
Nashik,V001,2023-01-28,45
Nashik,V001,2023-01-29,49
Nashik,V001,2023-01-30,45
Nashik,V002,2023-01-01,66
Nashik,V002,2023-01-02,69
Nashik,V002,2023-01-03,65
Nashik,V002,2023-01-04,52
Nashik,V002,2023-01-05,55
Nashik,V002,2023-01-06,59
Nashik,V002,2023-01-07,58
Nashik,V002,2023-01-08,55
Nashik,V002,2023-01-09,58
Nashik,V002,2023-01-10,69
Nashik,V002,2023-01-11,53
Nashik,V002,2023-01-12,54
Nashik,V002,2023-01-13,68
Nashik,V002,2023-01-14,54
Nashik,V002,2023-01-15,59
Nashik,V002,2023-01-16,66
Nashik,V002,2023-01-17,56
Nashik,V002,2023-01-18,65
Nashik,V002,2023-01-19,61
Nashik,V002,2023-01-20,41
Nashik,V002,2023-01-21,48
Nashik,V002,2023-01-22,42
Nashik,V002,2023-01-23,35
Nashik,V002,2023-01-24,40
Nashik,V002,2023-01-25,38
Nashik,V002,2023-01-26,35
Nashik,V002,2023-01-27,36
Nashik,V002,2023-01-28,43
Nashik,V002,2023-01-29,37
Nashik,V002,2023-01-30,51
Nashik,V003,2023-01-01,53
Nashik,V003,2023-01-02,60
Nashik,V003,2023-01-03,61
Nashik,V003,2023-01-04,54
Nashik,V003,2023-01-05,62
Nashik,V003,2023-01-06,59
Nashik,V003,2023-01-07,68
Nashik,V003,2023-01-08,62
Nashik,V003,2023-01-09,61
Nashik,V003,2023-01-10,62
Nashik,V003,2023-01-11,66
Nashik,V003,2023-01-12,57
Nashik,V003,2023-01-13,52
Nashik,V003,2023-01-14,63
Nashik,V003,2023-01-15,63
Nashik,V003,2023-01-16,65
Nashik,V003,2023-01-17,60
Nashik,V003,2023-01-18,63
Nashik,V003,2023-01-19,65
Nashik,V003,2023-01-20,36
Nashik,V003,2023-01-21,39
Nashik,V003,2023-01-22,50
Nashik,V003,2023-01-23,40
Nashik,V003,2023-01-24,38
Nashik,V003,2023-01-25,42
Nashik,V003,2023-01-26,47
Nashik,V003,2023-01-27,38
Nashik,V003,2023-01-28,42
Nashik,V003,2023-01-29,45
Nashik,V003,2023-01-30,47
Nashik,V004,2023-01-01,69
Nashik,V004,2023-01-02,55
Nashik,V004,2023-01-03,59
Nashik,V004,2023-01-04,58
Nashik,V004,2023-01-05,60
Nashik,V004,2023-01-06,59
Nashik,V004,2023-01-07,53
Nashik,V004,2023-01-08,67
Nashik,V004,2023-01-09,56
Nashik,V004,2023-01-10,63
Nashik,V004,2023-01-11,67
Nashik,V004,2023-01-12,66
Nashik,V004,2023-01-13,59
Nashik,V004,2023-01-14,64
Nashik,V004,2023-01-15,52
Nashik,V004,2023-01-16,52
Nashik,V004,2023-01-17,66
Nashik,V004,2023-01-18,58
Nashik,V004,2023-01-19,62
Nashik,V004,2023-01-20,37
Nashik,V004,2023-01-21,45
Nashik,V004,2023-01-22,36
Nashik,V004,2023-01-23,46
Nashik,V004,2023-01-24,35
Nashik,V004,2023-01-25,43
Nashik,V004,2023-01-26,34
Nashik,V004,2023-01-27,44
Nashik,V004,2023-01-28,37
Nashik,V004,2023-01-29,42
Nashik,V004,2023-01-30,46
Nashik,V005,2023-01-01,44
Nashik,V005,2023-01-02,38
Nashik,V005,2023-01-03,40
Nashik,V005,2023-01-04,37
Nashik,V005,2023-01-05,37
Nashik,V005,2023-01-06,45
Nashik,V005,2023-01-07,43
Nashik,V005,2023-01-08,47
Nashik,V005,2023-01-09,36
Nashik,V005,2023-01-10,34
Nashik,V005,2023-01-11,45
Nashik,V005,2023-01-12,37
Nashik,V005,2023-01-13,45
Nashik,V005,2023-01-14,48
Nashik,V005,2023-01-15,40
Nashik,V005,2023-01-16,37
Nashik,V005,2023-01-17,42
Nashik,V005,2023-01-18,42
Nashik,V005,2023-01-19,35
Nashik,V005,2023-01-20,34
Nashik,V005,2023-01-21,39
Nashik,V005,2023-01-22,37
Nashik,V005,2023-01-23,33
Nashik,V005,2023-01-24,38
Nashik,V005,2023-01-25,46
Nashik,V005,2023-01-26,38
Nashik,V005,2023-01-27,48
Nashik,V005,2023-01-28,41
Nashik,V005,2023-01-29,44
Nashik,V005,2023-01-30,37
Nashik,S001,2023-01-01,17
Nashik,S001,2023-01-02,23
Nashik,S001,2023-01-03,19
Nashik,S001,2023-01-04,27
Nashik,S001,2023-01-05,27
Nashik,S001,2023-01-06,26
Nashik,S001,2023-01-07,22
Nashik,S001,2023-01-08,25
Nashik,S001,2023-01-09,21
Nashik,S001,2023-01-10,29
Nashik,S001,2023-01-11,23
Nashik,S001,2023-01-12,28
Nashik,S001,2023-01-13,24
Nashik,S001,2023-01-14,26
Nashik,S001,2023-01-15,26
Nashik,S001,2023-01-16,23
Nashik,S001,2023-01-17,23
Nashik,S001,2023-01-18,26
Nashik,S001,2023-01-19,21
Nashik,S001,2023-01-20,26
Nashik,S001,2023-01-21,18
Nashik,S001,2023-01-22,27
Nashik,S001,2023-01-23,27
Nashik,S001,2023-01-24,25
Nashik,S001,2023-01-25,23
Nashik,S001,2023-01-26,25
Nashik,S001,2023-01-27,21
Nashik,S001,2023-01-28,21
Nashik,S001,2023-01-29,19
Nashik,S001,2023-01-30,28
Nashik,S002,2023-01-01,28
Nashik,S002,2023-01-02,20
Nashik,S002,2023-01-03,23
Nashik,S002,2023-01-04,22
Nashik,S002,2023-01-05,21
Nashik,S002,2023-01-06,23
Nashik,S002,2023-01-07,25
Nashik,S002,2023-01-08,28
Nashik,S002,2023-01-09,22
Nashik,S002,2023-01-10,21
Nashik,S002,2023-01-11,23
Nashik,S002,2023-01-12,23
Nashik,S002,2023-01-13,24
Nashik,S002,2023-01-14,25
Nashik,S002,2023-01-15,20
Nashik,S002,2023-01-16,26
Nashik,S002,2023-01-17,23
Nashik,S002,2023-01-18,21
Nashik,S002,2023-01-19,19
Nashik,S002,2023-01-20,25
Nashik,S002,2023-01-21,21
Nashik,S002,2023-01-22,16
Nashik,S002,2023-01-23,20
Nashik,S002,2023-01-24,27
Nashik,S002,2023-01-25,23
Nashik,S002,2023-01-26,21
Nashik,S002,2023-01-27,21
Nashik,S002,2023-01-28,19
Nashik,S002,2023-01-29,19
Nashik,S002,2023-01-30,20
Nashik,S003,2023-01-01,47
Nashik,S003,2023-01-02,24
Nashik,S003,2023-01-03,20
Nashik,S003,2023-01-04,20
Nashik,S003,2023-01-05,26
Nashik,S003,2023-01-06,20
Nashik,S003,2023-01-07,25
Nashik,S003,2023-01-08,21
Nashik,S003,2023-01-09,24
Nashik,S003,2023-01-10,19
Nashik,S003,2023-01-11,24
Nashik,S003,2023-01-12,25
Nashik,S003,2023-01-13,25
Nashik,S003,2023-01-14,26
Nashik,S003,2023-01-15,18
Nashik,S003,2023-01-16,17
Nashik,S003,2023-01-17,24
Nashik,S003,2023-01-18,22
Nashik,S003,2023-01-19,23
Nashik,S003,2023-01-20,19
Nashik,S003,2023-01-21,28
Nashik,S003,2023-01-22,24
Nashik,S003,2023-01-23,26
Nashik,S003,2023-01-24,29
Nashik,S003,2023-01-25,21
Nashik,S003,2023-01-26,22
Nashik,S003,2023-01-27,26
Nashik,S003,2023-01-28,21
Nashik,S003,2023-01-29,24
Nashik,S003,2023-01-30,17
Nashik,S004,2023-01-01,67
Nashik,S004,2023-01-02,24
Nashik,S004,2023-01-03,25
Nashik,S004,2023-01-04,24
Nashik,S004,2023-01-05,24
Nashik,S004,2023-01-06,21
Nashik,S004,2023-01-07,20
Nashik,S004,2023-01-08,23
Nashik,S004,2023-01-09,23
Nashik,S004,2023-01-10,20
Nashik,S004,2023-01-11,16
Nashik,S004,2023-01-12,17
Nashik,S004,2023-01-13,26
Nashik,S004,2023-01-14,20
Nashik,S004,2023-01-15,22
Nashik,S004,2023-01-16,17
Nashik,S004,2023-01-17,21
Nashik,S004,2023-01-18,27
Nashik,S004,2023-01-19,21
Nashik,S004,2023-01-20,20
Nashik,S004,2023-01-21,25
Nashik,S004,2023-01-22,24
Nashik,S004,2023-01-23,27
Nashik,S004,2023-01-24,23
Nashik,S004,2023-01-25,24
Nashik,S004,2023-01-26,26
Nashik,S004,2023-01-27,21
Nashik,S004,2023-01-28,23
Nashik,S004,2023-01-29,26
Nashik,S004,2023-01-30,25
Nashik,S005,2023-01-01,23
Nashik,S005,2023-01-02,22
Nashik,S005,2023-01-03,29
Nashik,S005,2023-01-04,17
Nashik,S005,2023-01-05,23
Nashik,S005,2023-01-06,20
Nashik,S005,2023-01-07,18
Nashik,S005,2023-01-08,25
Nashik,S005,2023-01-09,25
Nashik,S005,2023-01-10,19
Nashik,S005,2023-01-11,21
Nashik,S005,2023-01-12,24
Nashik,S005,2023-01-13,27
Nashik,S005,2023-01-14,23
Nashik,S005,2023-01-15,25
Nashik,S005,2023-01-16,25
Nashik,S005,2023-01-17,26
Nashik,S005,2023-01-18,20
Nashik,S005,2023-01-19,16
Nashik,S005,2023-01-20,25
Nashik,S005,2023-01-21,26
Nashik,S005,2023-01-22,22
Nashik,S005,2023-01-23,20
Nashik,S005,2023-01-24,18
Nashik,S005,2023-01-25,25
Nashik,S005,2023-01-26,20
Nashik,S005,2023-01-27,22
Nashik,S005,2023-01-28,27
Nashik,S005,2023-01-29,25
Nashik,S005,2023-01-30,24
Nashik,ME001,2023-01-01,22
Nashik,ME001,2023-01-02,22
Nashik,ME001,2023-01-03,29
Nashik,ME001,2023-01-04,20
Nashik,ME001,2023-01-05,19
Nashik,ME001,2023-01-06,26
Nashik,ME001,2023-01-07,21
Nashik,ME001,2023-01-08,20
Nashik,ME001,2023-01-09,19
Nashik,ME001,2023-01-10,23
Nashik,ME001,2023-01-11,18
Nashik,ME001,2023-01-12,24
Nashik,ME001,2023-01-13,19
Nashik,ME001,2023-01-14,26
Nashik,ME001,2023-01-15,21
Nashik,ME001,2023-01-16,24
Nashik,ME001,2023-01-17,16
Nashik,ME001,2023-01-18,18
Nashik,ME001,2023-01-19,20
Nashik,ME001,2023-01-20,16
Nashik,ME001,2023-01-21,19
Nashik,ME001,2023-01-22,18
Nashik,ME001,2023-01-23,26
Nashik,ME001,2023-01-24,24
Nashik,ME001,2023-01-25,27
Nashik,ME001,2023-01-26,18
Nashik,ME001,2023-01-27,17
Nashik,ME001,2023-01-28,28
Nashik,ME001,2023-01-29,24
Nashik,ME001,2023-01-30,25
Nashik,ME002,2023-01-01,20
Nashik,ME002,2023-01-02,22
Nashik,ME002,2023-01-03,20
Nashik,ME002,2023-01-04,25
Nashik,ME002,2023-01-05,27
Nashik,ME002,2023-01-06,20
Nashik,ME002,2023-01-07,21
Nashik,ME002,2023-01-08,18
Nashik,ME002,2023-01-09,24
Nashik,ME002,2023-01-10,22
Nashik,ME002,2023-01-11,19
Nashik,ME002,2023-01-12,25
Nashik,ME002,2023-01-13,25
Nashik,ME002,2023-01-14,18
Nashik,ME002,2023-01-15,22
Nashik,ME002,2023-01-16,24
Nashik,ME002,2023-01-17,19
Nashik,ME002,2023-01-18,23
Nashik,ME002,2023-01-19,20
Nashik,ME002,2023-01-20,22
Nashik,ME002,2023-01-21,18
Nashik,ME002,2023-01-22,21
Nashik,ME002,2023-01-23,20
Nashik,ME002,2023-01-24,17
Nashik,ME002,2023-01-25,18
Nashik,ME002,2023-01-26,25
Nashik,ME002,2023-01-27,22
Nashik,ME002,2023-01-28,17
Nashik,ME002,2023-01-29,27
Nashik,ME002,2023-01-30,20
Nashik,ME003,2023-01-01,23
Nashik,ME003,2023-01-02,21
Nashik,ME003,2023-01-03,22
Nashik,ME003,2023-01-04,23
Nashik,ME003,2023-01-05,19
Nashik,ME003,2023-01-06,24
Nashik,ME003,2023-01-07,26
Nashik,ME003,2023-01-08,22
Nashik,ME003,2023-01-09,25
Nashik,ME003,2023-01-10,23
Nashik,ME003,2023-01-11,20
Nashik,ME003,2023-01-12,19
Nashik,ME003,2023-01-13,25
Nashik,ME003,2023-01-14,21
Nashik,ME003,2023-01-15,24
Nashik,ME003,2023-01-16,20
Nashik,ME003,2023-01-17,19
Nashik,ME003,2023-01-18,18
Nashik,ME003,2023-01-19,21
Nashik,ME003,2023-01-20,17
Nashik,ME003,2023-01-21,26
Nashik,ME003,2023-01-22,22
Nashik,ME003,2023-01-23,23
Nashik,ME003,2023-01-24,19
Nashik,ME003,2023-01-25,28
Nashik,ME003,2023-01-26,19
Nashik,ME003,2023-01-27,20
Nashik,ME003,2023-01-28,25
Nashik,ME003,2023-01-29,27
Nashik,ME003,2023-01-30,17
Nashik,ME004,2023-01-01,24
Nashik,ME004,2023-01-02,23
Nashik,ME004,2023-01-03,18
Nashik,ME004,2023-01-04,16
Nashik,ME004,2023-01-05,18
Nashik,ME004,2023-01-06,18
Nashik,ME004,2023-01-07,21
Nashik,ME004,2023-01-08,18
Nashik,ME004,2023-01-09,21
Nashik,ME004,2023-01-10,16
Nashik,ME004,2023-01-11,23
Nashik,ME004,2023-01-12,18
Nashik,ME004,2023-01-13,17
Nashik,ME004,2023-01-14,21
Nashik,ME004,2023-01-15,22
Nashik,ME004,2023-01-16,27
Nashik,ME004,2023-01-17,23
Nashik,ME004,2023-01-18,26
Nashik,ME004,2023-01-19,20
Nashik,ME004,2023-01-20,19
Nashik,ME004,2023-01-21,28
Nashik,ME004,2023-01-22,19
Nashik,ME004,2023-01-23,23
Nashik,ME004,2023-01-24,25
Nashik,ME004,2023-01-25,28
Nashik,ME004,2023-01-26,18
Nashik,ME004,2023-01-27,21
Nashik,ME004,2023-01-28,18
Nashik,ME004,2023-01-29,26
Nashik,ME004,2023-01-30,18
Nashik,ME005,2023-01-01,18
Nashik,ME005,2023-01-02,24
Nashik,ME005,2023-01-03,29
Nashik,ME005,2023-01-04,21
Nashik,ME005,2023-01-05,21
Nashik,ME005,2023-01-06,19
Nashik,ME005,2023-01-07,29
Nashik,ME005,2023-01-08,17
Nashik,ME005,2023-01-09,23
Nashik,ME005,2023-01-10,17
Nashik,ME005,2023-01-11,16
Nashik,ME005,2023-01-12,25
Nashik,ME005,2023-01-13,18
Nashik,ME005,2023-01-14,23
Nashik,ME005,2023-01-15,20
Nashik,ME005,2023-01-16,27
Nashik,ME005,2023-01-17,25
Nashik,ME005,2023-01-18,22
Nashik,ME005,2023-01-19,18
Nashik,ME005,2023-01-20,22
Nashik,ME005,2023-01-21,26
Nashik,ME005,2023-01-22,21
Nashik,ME005,2023-01-23,25
Nashik,ME005,2023-01-24,22
Nashik,ME005,2023-01-25,19
Nashik,ME005,2023-01-26,29
Nashik,ME005,2023-01-27,21
Nashik,ME005,2023-01-28,23
Nashik,ME005,2023-01-29,22
Nashik,ME005,2023-01-30,21
Nashik,K001,2023-01-01,17
Nashik,K001,2023-01-02,23
Nashik,K001,2023-01-03,18
Nashik,K001,2023-01-04,26
Nashik,K001,2023-01-05,19
Nashik,K001,2023-01-06,18
Nashik,K001,2023-01-07,17
Nashik,K001,2023-01-08,25
Nashik,K001,2023-01-09,21
Nashik,K001,2023-01-10,19
Nashik,K001,2023-01-11,25
Nashik,K001,2023-01-12,18
Nashik,K001,2023-01-13,28
Nashik,K001,2023-01-14,24
Nashik,K001,2023-01-15,19
Nashik,K001,2023-01-16,19
Nashik,K001,2023-01-17,26
Nashik,K001,2023-01-18,18
Nashik,K001,2023-01-19,23
Nashik,K001,2023-01-20,22
Nashik,K001,2023-01-21,26
Nashik,K001,2023-01-22,19
Nashik,K001,2023-01-23,19
Nashik,K001,2023-01-24,20
Nashik,K001,2023-01-25,21
Nashik,K001,2023-01-26,22
Nashik,K001,2023-01-27,19
Nashik,K001,2023-01-28,21
Nashik,K001,2023-01-29,24
Nashik,K001,2023-01-30,20
Nashik,K002,2023-01-01,28
Nashik,K002,2023-01-02,21
Nashik,K002,2023-01-03,24
Nashik,K002,2023-01-04,25
Nashik,K002,2023-01-05,19
Nashik,K002,2023-01-06,22
Nashik,K002,2023-01-07,25
Nashik,K002,2023-01-08,18
Nashik,K002,2023-01-09,24
Nashik,K002,2023-01-10,20
Nashik,K002,2023-01-11,25
Nashik,K002,2023-01-12,24
Nashik,K002,2023-01-13,17
Nashik,K002,2023-01-14,25
Nashik,K002,2023-01-15,25
Nashik,K002,2023-01-16,20
Nashik,K002,2023-01-17,24
Nashik,K002,2023-01-18,23
Nashik,K002,2023-01-19,20
Nashik,K002,2023-01-20,22
Nashik,K002,2023-01-21,27
Nashik,K002,2023-01-22,21
Nashik,K002,2023-01-23,26
Nashik,K002,2023-01-24,20
Nashik,K002,2023-01-25,27
Nashik,K002,2023-01-26,25
Nashik,K002,2023-01-27,22
Nashik,K002,2023-01-28,22
Nashik,K002,2023-01-29,24
Nashik,K002,2023-01-30,22
Nashik,K003,2023-01-01,24
Nashik,K003,2023-01-02,21
Nashik,K003,2023-01-03,21
Nashik,K003,2023-01-04,22
Nashik,K003,2023-01-05,21
Nashik,K003,2023-01-06,22
Nashik,K003,2023-01-07,20
Nashik,K003,2023-01-08,21
Nashik,K003,2023-01-09,24
Nashik,K003,2023-01-10,22
Nashik,K003,2023-01-11,27
Nashik,K003,2023-01-12,18
Nashik,K003,2023-01-13,27
Nashik,K003,2023-01-14,20
Nashik,K003,2023-01-15,20
Nashik,K003,2023-01-16,21
Nashik,K003,2023-01-17,25
Nashik,K003,2023-01-18,27
Nashik,K003,2023-01-19,21
Nashik,K003,2023-01-20,21
Nashik,K003,2023-01-21,25
Nashik,K003,2023-01-22,24
Nashik,K003,2023-01-23,24
Nashik,K003,2023-01-24,24
Nashik,K003,2023-01-25,23
Nashik,K003,2023-01-26,20
Nashik,K003,2023-01-27,28
Nashik,K003,2023-01-28,20
Nashik,K003,2023-01-29,19
Nashik,K003,2023-01-30,21
Nashik,K004,2023-01-01,23
Nashik,K004,2023-01-02,20
Nashik,K004,2023-01-03,26
Nashik,K004,2023-01-04,20
Nashik,K004,2023-01-05,20
Nashik,K004,2023-01-06,23
Nashik,K004,2023-01-07,24
Nashik,K004,2023-01-08,23
Nashik,K004,2023-01-09,27
Nashik,K004,2023-01-10,18
Nashik,K004,2023-01-11,25
Nashik,K004,2023-01-12,18
Nashik,K004,2023-01-13,22
Nashik,K004,2023-01-14,20
Nashik,K004,2023-01-15,21
Nashik,K004,2023-01-16,22
Nashik,K004,2023-01-17,26
Nashik,K004,2023-01-18,20
Nashik,K004,2023-01-19,19
Nashik,K004,2023-01-20,25
Nashik,K004,2023-01-21,22
Nashik,K004,2023-01-22,24
Nashik,K004,2023-01-23,16
Nashik,K004,2023-01-24,19
Nashik,K004,2023-01-25,22
Nashik,K004,2023-01-26,24
Nashik,K004,2023-01-27,23
Nashik,K004,2023-01-28,21
Nashik,K004,2023-01-29,23
Nashik,K004,2023-01-30,17
Nashik,K005,2023-01-01,24
Nashik,K005,2023-01-02,32
Nashik,K005,2023-01-03,26
Nashik,K005,2023-01-04,24
Nashik,K005,2023-01-05,21
Nashik,K005,2023-01-06,28
Nashik,K005,2023-01-07,25
Nashik,K005,2023-01-08,32
Nashik,K005,2023-01-09,28
Nashik,K005,2023-01-10,33
Nashik,K005,2023-01-11,26
Nashik,K005,2023-01-12,32
Nashik,K005,2023-01-13,29
Nashik,K005,2023-01-14,21
Nashik,K005,2023-01-15,33
Nashik,K005,2023-01-16,27
Nashik,K005,2023-01-17,27
Nashik,K005,2023-01-18,31
Nashik,K005,2023-01-19,24
Nashik,K005,2023-01-20,28
Nashik,K005,2023-01-21,26
Nashik,K005,2023-01-22,23
Nashik,K005,2023-01-23,29
Nashik,K005,2023-01-24,28
Nashik,K005,2023-01-25,26
Nashik,K005,2023-01-26,32
Nashik,K005,2023-01-27,29
Nashik,K005,2023-01-28,24
Nashik,K005,2023-01-29,29
Nashik,K005,2023-01-30,28
Nashik,H001,2023-01-01,76
Nashik,H001,2023-01-02,73
Nashik,H001,2023-01-03,69
Nashik,H001,2023-01-04,73
Nashik,H001,2023-01-05,72
Nashik,H001,2023-01-06,72
Nashik,H001,2023-01-07,77
Nashik,H001,2023-01-08,78
Nashik,H001,2023-01-09,70
Nashik,H001,2023-01-10,71
Nashik,H001,2023-01-11,66
Nashik,H001,2023-01-12,71
Nashik,H001,2023-01-13,78
Nashik,H001,2023-01-14,73
Nashik,H001,2023-01-15,71
Nashik,H001,2023-01-16,72
Nashik,H001,2023-01-17,78
Nashik,H001,2023-01-18,68
Nashik,H001,2023-01-19,74
Nashik,H001,2023-01-20,72
Nashik,H001,2023-01-21,71
Nashik,H001,2023-01-22,67
Nashik,H001,2023-01-23,78
Nashik,H001,2023-01-24,69
Nashik,H001,2023-01-25,74
Nashik,H001,2023-01-26,70
Nashik,H001,2023-01-27,71
Nashik,H001,2023-01-28,71
Nashik,H001,2023-01-29,69
Nashik,H001,2023-01-30,72
Nashik,H002,2023-01-01,50
Nashik,H002,2023-01-02,63
Nashik,H002,2023-01-03,61
Nashik,H002,2023-01-04,80
Nashik,H002,2023-01-05,92
Nashik,H002,2023-01-06,89
Nashik,H002,2023-01-07,77
Nashik,H002,2023-01-08,79
Nashik,H002,2023-01-09,86
Nashik,H002,2023-01-10,91
Nashik,H002,2023-01-11,92
Nashik,H002,2023-01-12,83
Nashik,H002,2023-01-13,85
Nashik,H002,2023-01-14,81
Nashik,H002,2023-01-15,85
Nashik,H002,2023-01-16,95
Nashik,H002,2023-01-17,91
Nashik,H002,2023-01-18,82
Nashik,H002,2023-01-19,83
Nashik,H002,2023-01-20,91
Nashik,H002,2023-01-21,82
Nashik,H002,2023-01-22,84
Nashik,H002,2023-01-23,96
Nashik,H002,2023-01-24,96
Nashik,H002,2023-01-25,81
Nashik,H002,2023-01-26,80
Nashik,H002,2023-01-27,84
Nashik,H002,2023-01-28,80
Nashik,H002,2023-01-29,84
Nashik,H002,2023-01-30,80
Nashik,H003,2023-01-01,51
Nashik,H003,2023-01-02,51
Nashik,H003,2023-01-03,68
Nashik,H003,2023-01-04,84
Nashik,H003,2023-01-05,97
Nashik,H003,2023-01-06,94
Nashik,H003,2023-01-07,79
Nashik,H003,2023-01-08,96
Nashik,H003,2023-01-09,78
Nashik,H003,2023-01-10,93
Nashik,H003,2023-01-11,94
Nashik,H003,2023-01-12,89
Nashik,H003,2023-01-13,92
Nashik,H003,2023-01-14,92
Nashik,H003,2023-01-15,96
Nashik,H003,2023-01-16,80
Nashik,H003,2023-01-17,86
Nashik,H003,2023-01-18,93
Nashik,H003,2023-01-19,93
Nashik,H003,2023-01-20,87
Nashik,H003,2023-01-21,87
Nashik,H003,2023-01-22,87
Nashik,H003,2023-01-23,84
Nashik,H003,2023-01-24,89
Nashik,H003,2023-01-25,91
Nashik,H003,2023-01-26,94
Nashik,H003,2023-01-27,92
Nashik,H003,2023-01-28,86
Nashik,H003,2023-01-29,85
Nashik,H003,2023-01-30,94
Nashik,H004,2023-01-01,53
Nashik,H004,2023-01-02,67
Nashik,H004,2023-01-03,53
Nashik,H004,2023-01-04,95
Nashik,H004,2023-01-05,80
Nashik,H004,2023-01-06,90
Nashik,H004,2023-01-07,94
Nashik,H004,2023-01-08,78
Nashik,H004,2023-01-09,85
Nashik,H004,2023-01-10,80
Nashik,H004,2023-01-11,92
Nashik,H004,2023-01-12,98
Nashik,H004,2023-01-13,97
Nashik,H004,2023-01-14,82
Nashik,H004,2023-01-15,93
Nashik,H004,2023-01-16,93
Nashik,H004,2023-01-17,94
Nashik,H004,2023-01-18,97
Nashik,H004,2023-01-19,96
Nashik,H004,2023-01-20,90
Nashik,H004,2023-01-21,90
Nashik,H004,2023-01-22,83
Nashik,H004,2023-01-23,78
Nashik,H004,2023-01-24,89
Nashik,H004,2023-01-25,92
Nashik,H004,2023-01-26,93
Nashik,H004,2023-01-27,94
Nashik,H004,2023-01-28,88
Nashik,H004,2023-01-29,84
Nashik,H004,2023-01-30,84
Nashik,H005,2023-01-01,61
Nashik,H005,2023-01-02,60
Nashik,H005,2023-01-03,51
Nashik,H005,2023-01-04,82
Nashik,H005,2023-01-05,83
Nashik,H005,2023-01-06,79
Nashik,H005,2023-01-07,83
Nashik,H005,2023-01-08,99
Nashik,H005,2023-01-09,82
Nashik,H005,2023-01-10,83
Nashik,H005,2023-01-11,90
Nashik,H005,2023-01-12,98
Nashik,H005,2023-01-13,95
Nashik,H005,2023-01-14,92
Nashik,H005,2023-01-15,92
Nashik,H005,2023-01-16,87
Nashik,H005,2023-01-17,82
Nashik,H005,2023-01-18,89
Nashik,H005,2023-01-19,85
Nashik,H005,2023-01-20,84
Nashik,H005,2023-01-21,85
Nashik,H005,2023-01-22,80
Nashik,H005,2023-01-23,81
Nashik,H005,2023-01-24,86
Nashik,H005,2023-01-25,88
Nashik,H005,2023-01-26,94
Nashik,H005,2023-01-27,89
Nashik,H005,2023-01-28,78
Nashik,H005,2023-01-29,95
Nashik,H005,2023-01-30,87
Nashik,P001,2023-01-01,40
Nashik,P001,2023-01-02,47
Nashik,P001,2023-01-03,40
Nashik,P001,2023-01-04,55
Nashik,P001,2023-01-05,41
Nashik,P001,2023-01-06,50
Nashik,P001,2023-01-07,56
Nashik,P001,2023-01-08,47
Nashik,P001,2023-01-09,50
Nashik,P001,2023-01-10,51
Nashik,P001,2023-01-11,40
Nashik,P001,2023-01-12,52
Nashik,P001,2023-01-13,56
Nashik,P001,2023-01-14,39
Nashik,P001,2023-01-15,42
Nashik,P001,2023-01-16,55
Nashik,P001,2023-01-17,46
Nashik,P001,2023-01-18,41
Nashik,P001,2023-01-19,42
Nashik,P001,2023-01-20,50
Nashik,P001,2023-01-21,53
Nashik,P001,2023-01-22,49
Nashik,P001,2023-01-23,43
Nashik,P001,2023-01-24,42
Nashik,P001,2023-01-25,44
Nashik,P001,2023-01-26,53
Nashik,P001,2023-01-27,53
Nashik,P001,2023-01-28,48
Nashik,P001,2023-01-29,54
Nashik,P001,2023-01-30,59
Nashik,P002,2023-01-01,43
Nashik,P002,2023-01-02,58
Nashik,P002,2023-01-03,57
Nashik,P002,2023-01-04,45
Nashik,P002,2023-01-05,54
Nashik,P002,2023-01-06,41
Nashik,P002,2023-01-07,55
Nashik,P002,2023-01-08,38
Nashik,P002,2023-01-09,51
Nashik,P002,2023-01-10,39
Nashik,P002,2023-01-11,57
Nashik,P002,2023-01-12,40
Nashik,P002,2023-01-13,56
Nashik,P002,2023-01-14,59
Nashik,P002,2023-01-15,56
Nashik,P002,2023-01-16,56
Nashik,P002,2023-01-17,57
Nashik,P002,2023-01-18,45
Nashik,P002,2023-01-19,52
Nashik,P002,2023-01-20,39
Nashik,P002,2023-01-21,38
Nashik,P002,2023-01-22,51
Nashik,P002,2023-01-23,37
Nashik,P002,2023-01-24,40
Nashik,P002,2023-01-25,55
Nashik,P002,2023-01-26,50
Nashik,P002,2023-01-27,55
Nashik,P002,2023-01-28,52
Nashik,P002,2023-01-29,47
Nashik,P002,2023-01-30,47
Nashik,P003,2023-01-01,44
Nashik,P003,2023-01-02,48
Nashik,P003,2023-01-03,40
Nashik,P003,2023-01-04,41
Nashik,P003,2023-01-05,47
Nashik,P003,2023-01-06,48
Nashik,P003,2023-01-07,56
Nashik,P003,2023-01-08,50
Nashik,P003,2023-01-09,41
Nashik,P003,2023-01-10,51
Nashik,P003,2023-01-11,56
Nashik,P003,2023-01-12,52
Nashik,P003,2023-01-13,41
Nashik,P003,2023-01-14,55
Nashik,P003,2023-01-15,50
Nashik,P003,2023-01-16,50
Nashik,P003,2023-01-17,52
Nashik,P003,2023-01-18,40
Nashik,P003,2023-01-19,39
Nashik,P003,2023-01-20,51
Nashik,P003,2023-01-21,52
Nashik,P003,2023-01-22,46
Nashik,P003,2023-01-23,41
Nashik,P003,2023-01-24,48
Nashik,P003,2023-01-25,44
Nashik,P003,2023-01-26,50
Nashik,P003,2023-01-27,52
Nashik,P003,2023-01-28,53
Nashik,P003,2023-01-29,53
Nashik,P003,2023-01-30,41
Nashik,P004,2023-01-01,39
Nashik,P004,2023-01-02,48
Nashik,P004,2023-01-03,40
Nashik,P004,2023-01-04,37
Nashik,P004,2023-01-05,40
Nashik,P004,2023-01-06,42
Nashik,P004,2023-01-07,59
Nashik,P004,2023-01-08,47
Nashik,P004,2023-01-09,58
Nashik,P004,2023-01-10,52
Nashik,P004,2023-01-11,49
Nashik,P004,2023-01-12,53
Nashik,P004,2023-01-13,45
Nashik,P004,2023-01-14,54
Nashik,P004,2023-01-15,45
Nashik,P004,2023-01-16,53
Nashik,P004,2023-01-17,56
Nashik,P004,2023-01-18,50
Nashik,P004,2023-01-19,48
Nashik,P004,2023-01-20,58
Nashik,P004,2023-01-21,50
Nashik,P004,2023-01-22,49
Nashik,P004,2023-01-23,56
Nashik,P004,2023-01-24,45
Nashik,P004,2023-01-25,50
Nashik,P004,2023-01-26,55
Nashik,P004,2023-01-27,57
Nashik,P004,2023-01-28,38
Nashik,P004,2023-01-29,56
Nashik,P004,2023-01-30,55
Nashik,P005,2023-01-01,37
Nashik,P005,2023-01-02,56
Nashik,P005,2023-01-03,50
Nashik,P005,2023-01-04,50
Nashik,P005,2023-01-05,42
Nashik,P005,2023-01-06,42
Nashik,P005,2023-01-07,39
Nashik,P005,2023-01-08,50
Nashik,P005,2023-01-09,49
Nashik,P005,2023-01-10,47
Nashik,P005,2023-01-11,41
Nashik,P005,2023-01-12,49
Nashik,P005,2023-01-13,49
Nashik,P005,2023-01-14,36
Nashik,P005,2023-01-15,38
Nashik,P005,2023-01-16,49
Nashik,P005,2023-01-17,41
Nashik,P005,2023-01-18,50
Nashik,P005,2023-01-19,55
Nashik,P005,2023-01-20,56
Nashik,P005,2023-01-21,54
Nashik,P005,2023-01-22,57
Nashik,P005,2023-01-23,37
Nashik,P005,2023-01-24,42
Nashik,P005,2023-01-25,52
Nashik,P005,2023-01-26,50
Nashik,P005,2023-01-27,53
Nashik,P005,2023-01-28,55
Nashik,P005,2023-01-29,55
Nashik,P005,2023-01-30,49
Nashik,G001,2023-01-01,54
Nashik,G001,2023-01-02,55
Nashik,G001,2023-01-03,45
Nashik,G001,2023-01-04,42
Nashik,G001,2023-01-05,36
Nashik,G001,2023-01-06,57
Nashik,G001,2023-01-07,37
Nashik,G001,2023-01-08,37
Nashik,G001,2023-01-09,41
Nashik,G001,2023-01-10,44
Nashik,G001,2023-01-11,38
Nashik,G001,2023-01-12,60
Nashik,G001,2023-01-13,57
Nashik,G001,2023-01-14,41
Nashik,G001,2023-01-15,40
Nashik,G001,2023-01-16,37
Nashik,G001,2023-01-17,38
Nashik,G001,2023-01-18,60
Nashik,G001,2023-01-19,41
Nashik,G001,2023-01-20,46
Nashik,G001,2023-01-21,56
Nashik,G001,2023-01-22,41
Nashik,G001,2023-01-23,57
Nashik,G001,2023-01-24,54
Nashik,G001,2023-01-25,52
Nashik,G001,2023-01-26,40
Nashik,G001,2023-01-27,48
Nashik,G001,2023-01-28,47
Nashik,G001,2023-01-29,54
Nashik,G001,2023-01-30,46
Nashik,G002,2023-01-01,35
Nashik,G002,2023-01-02,43
Nashik,G002,2023-01-03,33
Nashik,G002,2023-01-04,38
Nashik,G002,2023-01-05,36
Nashik,G002,2023-01-06,45
Nashik,G002,2023-01-07,44
Nashik,G002,2023-01-08,44
Nashik,G002,2023-01-09,47
Nashik,G002,2023-01-10,47
Nashik,G002,2023-01-11,48
Nashik,G002,2023-01-12,35
Nashik,G002,2023-01-13,40
Nashik,G002,2023-01-14,42
Nashik,G002,2023-01-15,43
Nashik,G002,2023-01-16,47
Nashik,G002,2023-01-17,40
Nashik,G002,2023-01-18,40
Nashik,G002,2023-01-19,33
Nashik,G002,2023-01-20,34
Nashik,G002,2023-01-21,35
Nashik,G002,2023-01-22,44
Nashik,G002,2023-01-23,32
Nashik,G002,2023-01-24,42
Nashik,G002,2023-01-25,35
Nashik,G002,2023-01-26,50
Nashik,G002,2023-01-27,44
Nashik,G002,2023-01-28,42
Nashik,G002,2023-01-29,45
Nashik,G002,2023-01-30,40
Nashik,G003,2023-01-01,45
Nashik,G003,2023-01-02,45
Nashik,G003,2023-01-03,38
Nashik,G003,2023-01-04,47
Nashik,G003,2023-01-05,34
Nashik,G003,2023-01-06,39
Nashik,G003,2023-01-07,48
Nashik,G003,2023-01-08,45
Nashik,G003,2023-01-09,43
Nashik,G003,2023-01-10,46
Nashik,G003,2023-01-11,40
Nashik,G003,2023-01-12,48
Nashik,G003,2023-01-13,44
Nashik,G003,2023-01-14,45
Nashik,G003,2023-01-15,50
Nashik,G003,2023-01-16,41
Nashik,G003,2023-01-17,33
Nashik,G003,2023-01-18,44
Nashik,G003,2023-01-19,46
Nashik,G003,2023-01-20,42
Nashik,G003,2023-01-21,40
Nashik,G003,2023-01-22,44
Nashik,G003,2023-01-23,44
Nashik,G003,2023-01-24,38
Nashik,G003,2023-01-25,32
Nashik,G003,2023-01-26,44
Nashik,G003,2023-01-27,44
Nashik,G003,2023-01-28,49
Nashik,G003,2023-01-29,46
Nashik,G003,2023-01-30,39
Nashik,G004,2023-01-01,40
Nashik,G004,2023-01-02,31
Nashik,G004,2023-01-03,40
Nashik,G004,2023-01-04,36
Nashik,G004,2023-01-05,45
Nashik,G004,2023-01-06,34
Nashik,G004,2023-01-07,47
Nashik,G004,2023-01-08,37
Nashik,G004,2023-01-09,45
Nashik,G004,2023-01-10,49
Nashik,G004,2023-01-11,48
Nashik,G004,2023-01-12,38
Nashik,G004,2023-01-13,44
Nashik,G004,2023-01-14,40
Nashik,G004,2023-01-15,49
Nashik,G004,2023-01-16,42
Nashik,G004,2023-01-17,39
Nashik,G004,2023-01-18,46
Nashik,G004,2023-01-19,43
Nashik,G004,2023-01-20,45
Nashik,G004,2023-01-21,47
Nashik,G004,2023-01-22,45
Nashik,G004,2023-01-23,43
Nashik,G004,2023-01-24,34
Nashik,G004,2023-01-25,33
Nashik,G004,2023-01-26,39
Nashik,G004,2023-01-27,36
Nashik,G004,2023-01-28,36
Nashik,G004,2023-01-29,35
Nashik,G004,2023-01-30,41
Nashik,G005,2023-01-01,36
Nashik,G005,2023-01-02,40
Nashik,G005,2023-01-03,33
Nashik,G005,2023-01-04,42
Nashik,G005,2023-01-05,36
Nashik,G005,2023-01-06,46
Nashik,G005,2023-01-07,41
Nashik,G005,2023-01-08,37
Nashik,G005,2023-01-09,37
Nashik,G005,2023-01-10,40
Nashik,G005,2023-01-11,46
Nashik,G005,2023-01-12,48
Nashik,G005,2023-01-13,35
Nashik,G005,2023-01-14,46
Nashik,G005,2023-01-15,36
Nashik,G005,2023-01-16,47
Nashik,G005,2023-01-17,45
Nashik,G005,2023-01-18,31
Nashik,G005,2023-01-19,39
Nashik,G005,2023-01-20,36
Nashik,G005,2023-01-21,41
Nashik,G005,2023-01-22,42
Nashik,G005,2023-01-23,42
Nashik,G005,2023-01-24,46
Nashik,G005,2023-01-25,36
Nashik,G005,2023-01-26,32
Nashik,G005,2023-01-27,45
Nashik,G005,2023-01-28,47
Nashik,G005,2023-01-29,42
Nashik,G005,2023-01-30,42
